id,timestamp,acc_x,acc_y,acc_z,gyro_x,gyro_y,gyro_z
0,0.0,-0.32728076,-0.15595257,0.9608534,0.4642576,-0.25778514,0.48258355
1,0.01,-0.25894472,-0.18353106,1.0811737,0.80939645,0.36468655,0.4111123
2,0.02,-0.114462845,-0.25601605,1.2900866,1.1246029,0.54305923,0.258396
3,0.03,-0.03343584249999999,-0.280543805,1.1947822499999998,1.34604155,0.6960809649999999,-0.04612032999999999
4,0.04,0.04759116,-0.30507156,1.0994779,1.5674802,0.8491027,-0.35063666
5,0.05,0.027578467500000002,-0.277371065,1.0581102,1.4373659,0.4236350521,-0.45937068000000003
6,0.06,0.007565775,-0.24967057,1.0167425,1.3072516,-0.0018325958,-0.5681047
7,0.07,0.025626011,-0.25601605,1.0582323,1.0030408,-1.0067059,-0.7287622
8,0.08,0.0611363405,-0.26175139999999997,1.0431007,0.9886854350000001,-0.9963212,-0.74800445
9,0.09,0.09664667,-0.26748675,1.0279691,0.97433007,-0.9859365,-0.7672467
10,0.1,0.13569583,-0.23575929,0.9659786,0.97433007,-0.9859365,-0.7672467
11,0.11,0.149729115,-0.21391617000000002,0.95902295,1.0509936850000001,-0.49388454789999997,-0.9434813499999999
12,0.12,0.1637624,-0.19207305,0.9520673,1.1276573,-0.0018325958,-1.119716
13,0.13,0.13057062,-0.04002539,0.74486274,1.0464121,0.01282817,-1.2822062
14,0.14,0.03725940000000001,0.031239326666666657,0.7295684933333333,0.8138760866666667,0.05294165333333333,-1.3170255333333334
15,0.15,-0.056051819999999974,0.10250404333333332,0.7142742466666667,0.5813400733333334,0.09305513666666666,-1.3518448666666667
16,0.16,-0.14936304,0.17376876,0.69898,0.34880406,0.13316862,-1.3866642
17,0.17,-0.20964517,0.183287,0.6303999,0.20525073,-0.14905111,-1.4202617
18,0.18,-0.18092777,0.16742327666666668,0.6343048133333333,0.16025032166666667,-0.3109304066666666,-1.5990416
19,0.19,-0.15221036999999998,0.15155955333333332,0.6382097266666666,0.11524991333333333,-0.4728097033333333,-1.7778215
20,0.2,-0.12349297,0.13569583,0.64211464,0.070249505,-0.634689,-1.9566014
21,0.21,-0.12349297,0.13569583,0.64211464,0.070249505,-0.634689,-1.9566014
22,0.22,-0.109459675,0.0913994385,0.72070107,0.1789835125,-1.05099365,-2.3710735
23,0.23,-0.09542638,0.047103047,0.7992875,0.28771752,-1.4672983,-2.7855456
24,0.24,-0.18792409,0.051252022,0.8371163,0.5021312,-2.3890939,-3.2803464
25,0.25,-0.318860795,0.077000059,0.91118768,0.5992588,-2.9996537,-3.3731979
26,0.26,-0.4497975,0.102748096,0.98525906,0.6963864,-3.6102135,-3.4660494
27,0.27,-0.4497975,0.102748096,0.98525906,1.110553,-5.2735996,-3.3603697
28,0.28,-0.555352265,0.146922463,1.0461513299999998,1.22356305,-5.87316395,-3.3249395
29,0.29,-0.66090703,0.19109683,1.1070436,1.3365731,-6.4727283,-3.2895093
30,0.3,-0.67018116,0.15888128,1.1119248,1.3585643,-6.963253,-3.2846224
31,0.31,-0.64614153,0.144359865,0.9242448,1.0827586500000002,-6.7885455,-3.3640349
32,0.32,-0.6221019,0.12983845,0.7365648,0.806953,-6.613838,-3.4434474
33,0.33,-0.6221019,0.12983845,0.7365648,0.806953,-6.613838,-3.4434474
34,0.34,-0.5168318833333333,0.12821140333333333,1.1556924,0.5719735,-4.387030563333333,-3.0814079333333333
35,0.35,-0.4115618666666666,0.12658435666666668,1.5748199999999999,0.336994,-2.1602231266666667,-2.719368466666667
36,0.36,-0.30629185,0.12495731,1.9939476,0.1020145,0.06658431,-2.357329
37,0.37,-0.554254,0.35925224,2.60043,0.06780604,-0.4868596,-2.5173757
38,0.38,-0.5573047,0.44442825,2.7268517,0.88331117,-0.45540004,-2.51645935
39,0.39,-0.5603554,0.52960426,2.8532734,1.6988163,-0.42394048,-2.515543
40,0.4,-0.51788944,0.49470404,2.6992733,2.3628268,0.34147367,-2.547308
41,0.41,-0.5631620900000001,0.54436967,2.7086694,2.6047294,0.49602257000000005,-2.5787675
42,0.42,-0.60843474,0.5940353,2.7180655,2.846632,0.65057147,-2.610227
43,0.43,-0.60843474,0.5940353,2.7180655,2.846632,0.65057147,-2.610227
44,0.44,-0.60843474,0.5940353,2.7180655,2.846632,0.65057147,-2.610227
45,0.45,-0.5663755333333333,0.8237745166666667,3.1362576666666664,4.3029347,0.18234326833333336,-2.7802512999999998
46,0.46,-0.5243163266666667,1.0535137333333333,3.554449833333333,5.7592374,-0.28588493333333337,-2.9502756
47,0.47,-0.12902492833333334,0.8326826166666667,3.4952659166666664,6.625749900000001,-0.8203920666666666,-3.9143228
48,0.48,0.26626647,0.6118515,3.436082,7.4922624,-1.3548992,-4.87837
49,0.49,0.26626647,0.6118515,3.436082,7.4922624,-1.3548992,-4.87837
50,0.5,0.26626647,0.6118515,3.436082,7.4922624,-1.3548992,-4.87837
51,0.51,1.1407236,0.03172744,3.2732959,6.8655143,1.1618657,-6.191119
52,0.52,1.1692783,0.035022213499999996,3.2004447000000003,6.67858965,1.8619172499999999,-6.144387849999999
53,0.53,1.197833,0.038316987,3.1275935,6.491665,2.5619688,-6.0976567
54,0.54,1.0128375,0.3192269,2.4849908,5.566204,4.819116,-5.906456
55,0.55,0.8964222500000001,0.36901456499999996,2.41323805,5.1086659999999995,5.49045675,-5.6505035
56,0.56,0.780007,0.41880223,2.3414853,4.651128,6.1617975,-5.394551
57,0.57,0.35632357,0.413677,1.9204865,4.38418,6.200282,-5.0066514
58,0.58,0.32459613499999995,0.313369495,1.82066705,4.3609671,5.74427125,-4.5063528999999996
59,0.59,0.2928687,0.21306199,1.7208476,4.3377542,5.2882605,-4.0060544
60,0.6,0.32166746,0.09127741,1.586128,4.474588,4.9828277,-3.9064832
61,0.61,0.32923323000000004,-0.070776595,1.4139456,4.5653015,4.739092599999999,-3.8524216
62,0.62,0.336799,-0.2328306,1.2417632,4.656015,4.4953575,-3.79836
63,0.63,0.47395915,-0.5005614,0.85639685,5.0029864,3.164282,-3.5863898
64,0.64,0.5394478466666667,-0.56800255,0.7219213133333333,5.0591859333333336,2.920954,-3.590055
65,0.65,0.6049365433333334,-0.6354437000000001,0.5874457766666668,5.115385466666667,2.677626,-3.5937202
66,0.66,0.67042524,-0.70288485,0.45297024,5.171585,2.434298,-3.5973854
67,0.67,0.5983063200000001,-0.755723225,0.333626255,5.214651,2.0952678000000002,-3.5805867
68,0.68,0.5261874,-0.8085616,0.21428227,5.257717,1.7562376,-3.563788
69,0.69,0.7365648,-0.7038611,-0.087616555,5.158146,1.853976,-3.559512
70,0.7,0.7365648,-0.7038611,-0.087616555,5.158146,1.853976,-3.559512
71,0.71,0.7365648,-0.7038611,-0.087616555,5.158146,1.853976,-3.559512
72,0.72,0.64821607,-0.6242984,-0.22794947,5.0023756,2.0879374,-3.6407568
73,0.73,0.52069615,-0.52313668,-0.490921155,4.4959682,2.5973990000000002,-3.4358115
74,0.74,0.39317623,-0.42197496,-0.75389284,3.9895608,3.1068606,-3.2308662
75,0.75,0.492385495,-0.28774348,-0.8089277699999999,2.6141977499999998,2.80478775,-2.55127865
76,0.76,0.59159476,-0.153512,-0.8639627,1.2388347,2.5027149,-1.8716911
77,0.77,0.58756783,-0.152291715,-0.7296091499999999,1.2388347,2.5027149,-1.8716911
78,0.78,0.5835409,-0.15107143,-0.5952556,1.2388347,2.5027149,-1.8716911
79,0.79,0.34070393,-0.2294138,-0.31532198,-0.056199603,2.3115141,-1.0280862
80,0.8,0.33252801499999995,-0.26980528000000004,-0.27932353,-0.020463986000000003,2.3426683,-0.875369885
81,0.81,0.3243521,-0.31019676,-0.24332508,0.015271631,2.3738225,-0.72265357
82,0.82,0.31605414,-0.4053791,-0.29067218,0.18509217,2.230269,-0.5271767
83,0.83,0.61185152,-0.37023484,-0.48970089000000006,0.7186829849999999,0.9291260299999999,-0.5998696800000001
84,0.84,0.9076489,-0.33509058,-0.6887296,1.2522738,-0.37201694,-0.67256266
85,0.85,0.61282775,-0.44869924,-1.02711495,1.41873455,-1.4856243199999999,-1.11696713
86,0.86,0.3180066,-0.5623079,-1.3655003,1.5851953,-2.5992317,-1.5613716
87,0.87,0.283716555,-0.5637722350000001,-1.5962565,1.5934419499999999,-2.6236663,-1.4013249
88,0.88,0.24942651,-0.56523657,-1.8270127,1.6016886,-2.6481009,-1.2412782
89,0.89,0.30433938,-0.8956901,-3.2628014,-0.49968776,-2.7476718,-1.0965031
90,0.9,0.325328305,-0.9729342000000001,-3.2721976,-0.49968776,-2.7476718,-1.0965031
91,0.91,0.34631723,-1.0501783,-3.2815938,-0.49968776,-2.7476718,-1.0965031
92,0.92,0.43320164,-1.2542102,-2.9150198,-5.01276,-2.0323486,-1.102001
93,0.93,0.10628694499999997,-1.4259045000000001,-1.9456244,-5.588806,-1.37994455,-1.2296718
94,0.94,-0.22062775,-1.5975988,-0.976229,-6.164852,-0.7275405,-1.3573426
95,0.95,-0.22062775,-1.5975988,-0.976229,-6.164852,-0.7275405,-1.3573426
96,0.96,-0.22062775,-1.5975988,-0.976229,-6.164852,-0.7275405,-1.3573426
97,0.97,-0.744496625,-1.49265415,-0.584029,-3.30478095,-0.54825156,-0.693637498
98,0.98,-1.2683655,-1.3877095,-0.191829,-0.4447099,-0.36896262,-0.029932396
99,0.99,-1.2852055,-1.3369455,-0.47347105,2.5955665,-1.3267993,1.2479976
100,1.0,-1.2852055,-1.3369455,-0.47347105,2.74950455,-1.3851369,1.63314825
101,1.01,-1.2852055,-1.3369455,-0.47347105,2.9034426,-1.4434745,2.0182989
102,1.02,-1.1318562,-1.2849613333333332,-0.737541,2.6257025333333335,-0.9865473199999999,2.9240084
103,1.03,-0.9785069,-1.2329771666666667,-1.0016109499999999,2.3479624666666665,-0.5296201399999999,3.8297179
104,1.04,-0.8251576,-1.180993,-1.2656809,2.0702224,-0.07269296,4.7354274
105,1.05,-0.20122523000000003,-1.0628693,-1.06006267,1.71347705,-0.09071348500000001,5.5490999500000004
106,1.06,0.42270714,-0.9447456,-0.85444444,1.3567317,-0.10873401,6.3627725
107,1.07,0.516913235,-0.9132621999999999,-0.7986773549999999,1.1872166000000002,-0.23671028,6.5988719499999995
108,1.08,0.61111933,-0.8817788,-0.74291027,1.0177015,-0.36468655,6.8349714
109,1.09,0.61111933,-0.8817788,-0.74291027,0.5180137,-0.8582657,7.284568
110,1.1,0.884829565,-0.77195305,-0.719602785,0.06017021,-1.64567105,7.41682035
111,1.11,1.1585398,-0.6621273,-0.6962953,-0.39767328,-2.4330764,7.5490727
112,1.12,1.3803878,-0.72558224,-0.69263446,-2.6371052,-4.3255367,8.42933
113,1.13,1.7020552000000002,-0.7732954000000001,-0.66237138,-3.16214395,-4.4984116499999995,8.533177
114,1.14,2.0237226,-0.82100856,-0.6321083,-3.6871827,-4.6712866,8.637024
115,1.15,2.1605167,-0.84517026,-0.602699385,-4.251011350000001,-4.7366490500000005,8.666651
116,1.16,2.2973108,-0.86933196,-0.57329047,-4.81484,-4.8020115,8.696278
117,1.17,2.7432035,-1.04151433,-0.11787964500000003,-6.8493265,-4.31545745,8.314487
118,1.18,3.1890962,-1.2136967,0.33753118,-8.883813,-3.8289034,7.932696
119,1.19,3.3689663,-1.2730026,0.63332856,-9.433592,-3.602883,7.4519453
120,1.2,3.4316889,-1.28837825,0.9365696800000001,-9.9189245,-3.4177910000000002,6.54603195
121,1.21,3.4944115,-1.3037539,1.2398108,-10.404257,-3.232699,5.6401186
122,1.22,3.2989216,-1.2996049,1.8816814,-10.4054785,-3.199712,3.649309
123,1.23,3.03228915,-1.16952235,2.2963347,-9.62387675,-3.52408155,2.31762275
124,1.24,2.7656567,-1.0394398,2.710988,-8.842275,-3.8484511,0.9859365
125,1.25,2.3977403500000003,-0.9171671299999999,2.7213604,-8.071362650000001,-4.099516550000001,0.38209620499999997
126,1.26,2.029824,-0.79489446,2.7317328,-7.3004503,-4.350582,-0.22174409
127,1.27,2.029824,-0.79489446,2.7317328,-6.8450503,-4.065308,-0.5937610099999999
128,1.28,2.029824,-0.79489446,2.7317328,-6.3896503,-3.780034,-0.96577793
129,1.29,1.010397,-0.59110665,2.5425885,-6.92599,-2.4501805,-1.1704178
130,1.3,0.8573731,-0.5818324749999999,2.6249578,-7.072597699999999,-2.17284765,-1.2272283000000002
131,1.31,0.7043492,-0.5725583,2.7073271,-7.2192054,-1.8955148,-1.2840388
132,1.32,-0.15229172,-0.5271637,3.2713435,-7.7457714,-0.2864958,-2.1087067
133,1.33,-0.73985956,-0.415385465,3.59227875,-7.706065199999999,-0.313984735,-2.2244656999999997
134,1.34,-1.3274274,-0.30360723,3.913214,-7.666359,-0.34147367,-2.3402247
135,1.35,-2.00163545,-0.521428315,4.869064,-6.9626421999999994,-2.442850135,-1.495398085
136,1.36,-2.6758435,-0.7392494,5.824914,-6.2589254,-4.5442266,-0.65057147
137,1.37,-2.72965815,-0.7265584,6.24810935,-5.7406062,-5.3099463,0.20494531500000002
138,1.38,-2.7834728,-0.7138674,6.6713047,-5.222287,-6.075666,1.0604621
139,1.39,0.3441207,-0.7734174,7.98897,-0.41599923,-7.189273,3.5527923
140,1.4,0.8945918500000001,-0.63418275,7.98897,0.5818491349999999,-6.21005615,3.2998941000000004
141,1.41,1.445063,-0.4949481,7.98897,1.5796975,-5.2308393,3.0469959
142,1.42,2.6404555,0.45077375,7.7475977,3.232699,-2.3237314,2.4514022
143,1.43,2.6404555,0.45077375,7.7475977,4.2781947,1.8237381,1.47798845
144,1.44,2.6404555,0.45077375,7.7475977,5.3236904,5.9712076,0.5045747
145,1.45,2.18138375,0.344364785,6.03309535,5.5747561999999995,7.1993523,-0.1713477
146,1.46,1.722312,0.23795582,4.318593,5.825822,8.427497,-0.8472701
147,1.47,1.33926417,-0.021354990000000004,3.7834975,6.119648,8.6920015,-1.0946704999999999
148,1.48,1.147740255,-0.15101039500000002,3.51594975,6.304434799999999,8.74728475,-1.1508701499999998
149,1.49,0.95621634,-0.2806658,3.248402,6.4892216,8.802568,-1.2070698
150,1.5,0.95621634,-0.2806658,3.248402,6.5448103,8.513018,-1.0048733
151,1.51,1.2349297266666666,-0.6790485666666667,2.7780223,6.7380473,7.9060215000000005,-0.8077674566666667
152,1.52,1.5136431133333332,-1.0774313333333334,2.3076426,6.9312843,7.299025,-0.6106616133333334
153,1.53,1.7923565,-1.4758141,1.8372629,7.1245213,6.6920285,-0.41355577
154,1.54,1.7923565,-1.4758141,1.8372629,7.1245213,6.6920285,-0.41355577
155,1.55,1.7923565,-1.4758141,1.8372629,7.1245213,6.6920285,-0.41355577
156,1.56,1.7923565,-1.4758141,1.8372629,7.1245213,6.6920285,-0.41355577
157,1.57,1.7974817,-1.6113879,1.4425003,7.87069315,5.9315014,-1.098641185
158,1.58,1.8026069,-1.7469617,1.0477377,8.616865,5.1709743,-1.7837266
159,1.59,1.8026069,-1.7469617,1.0477377,8.559443,4.2186356,-2.3854287
160,1.6,1.6957098,-1.6438476,0.9115538000000001,8.387790500000001,4.0060544,-2.39703515
161,1.61,1.5888127,-1.5407335,0.7753699,8.216138,3.7934732,-2.4086416
162,1.62,1.8933961,-1.078489,0.6164886,6.687142,2.9150488,-2.6584857
163,1.63,1.8570315499999999,-0.97305625,0.5717041,5.607742999999999,3.4932329,-3.04791225
164,1.64,1.820667,-0.8676235,0.5269196,4.528344,4.071417,-3.4373388
165,1.65,1.6135845,-0.7681701750000001,0.43674044,3.9275580999999997,4.736649,-3.46085715
166,1.66,1.406502,-0.66871685,0.34656128,3.3267722,5.401881,-3.4843755
167,1.67,1.34634185,-0.6169767100000001,0.33533465500000004,2.92573915,5.8322357,-3.456581
168,1.68,1.2861817,-0.56523657,0.32410803,2.5247061,6.2625904,-3.4287865
169,1.69,1.1645191499999998,-0.43173726,0.216356755,2.51279425,5.8875192,-3.29256365
170,1.7,1.0428566,-0.29823795,0.10860548,2.5008824,5.512448,-3.1563408
171,1.71,1.1966126,-0.093717985,-0.25601605,2.293188,1.9700404,-3.34632
172,1.72,1.2141847499999998,-0.0843217775,-0.34656129999999996,2.1853704,1.7840319500000001,-3.384499
173,1.73,1.2317569,-0.07492557,-0.43710655,2.0775528,1.5980235,-3.422678
174,1.74,1.121443,-0.2936009,-0.98403883,1.6676621,2.0518963,-3.7836993
175,1.75,0.83077085,-0.4330796,-1.295699965,2.1047362,2.3576344000000002,-3.80049815
176,1.76,0.5400987,-0.5725583,-1.6073611,2.5418103,2.6633725,-3.817297
177,1.77,0.5217944000000001,-0.70068835,-2.42666125,2.6774224,1.3610077825,-3.524998
178,1.78,0.5034901,-0.8288184,-3.2459614,2.8130345,0.058643065,-3.232699
179,1.79,0.49519217,-1.0672623,-3.529556,1.5564847,-0.68477994,-2.8478537
180,1.8,0.429296715,-1.1740374,-3.6412120999999997,1.102917225,-0.31367930299999996,-2.71376885
181,1.81,0.36340126,-1.2808125,-3.7528682,0.64934975,0.057421334,-2.579684
182,1.82,-0.62478656,-1.5424417,-3.2791533,-0.3213151,0.9297369,-1.7085901
183,1.83,-0.704959365,-1.5755115,-3.15407395,-0.274278485,0.7782423,-1.097419415
184,1.84,-0.78513217,-1.6085813,-3.0289946,-0.22724187,0.6267477,-0.48624873
185,1.85,-0.8155172850000001,-1.61639115,-2.7937233499999996,0.21746801499999996,0.362853935,0.012828184999999992
186,1.86,-0.8459024,-1.624201,-2.5584521,0.6621779,0.09896017,0.5119051
187,1.87,-0.8459024,-1.624201,-2.5584521,0.6621779,0.09896017,0.5119051
188,1.88,-0.8459024,-1.624201,-2.5584521,0.6621779,0.09896017,0.5119051
189,1.89,-0.40293851,-1.4655638,-2.3463664,1.6694947,-2.053118,3.6841283
190,1.9,-0.31275936000000004,-1.41992505,-2.30036165,1.4886786,-2.19972575,4.10134935
191,1.91,-0.22258021,-1.3742863,-2.2543569,1.3078625,-2.3463335,4.5185704
192,1.92,0.07834238,-1.2571388,-2.105726,0.28527406,-2.8344147,5.856976
193,1.93,0.75840784,-1.1486554,-1.71047525,-1.42331597,-3.63617535,6.425997000000001
194,1.94,1.4384733,-1.040172,-1.3152245,-3.131906,-4.437936,6.995018
195,1.95,1.4384733,-1.040172,-1.3152245,-3.131906,-4.437936,6.995018
196,1.96,1.4384733,-1.040172,-1.3152245,-3.131906,-4.437936,6.995018
197,1.97,1.93403165,-1.15976005,-0.6792113175,-4.35669085,-4.857295,7.012733
198,1.98,2.42959,-1.2793481,-0.043198135,-5.5814757,-5.276654,7.030448
199,1.99,2.74662025,-1.3797776499999999,0.46480704,-7.044497850000001,-5.0472741,6.4800585
200,2.0,2.9455268,-1.4257824,1.0448091,-7.3652024,-4.445877,5.81055
201,2.01,2.83252835,-1.38429265,1.39454305,-7.2653257,-3.9538252,5.2283954999999995
202,2.02,2.7195299,-1.3428029,1.744277,-7.165449,-3.4617734,4.646241
203,2.03,2.6203612666666665,-1.3240919,1.7642084,-6.958773,-3.4124969,4.131077966666666
204,2.04,2.5211926333333334,-1.3053808999999998,1.7841398000000002,-6.752097,-3.3632204,3.6159149333333334
205,2.05,2.422024,-1.2866699,1.8040712,-6.545421,-3.3139439,3.1007519
206,2.06,2.2139653,-1.25006125,1.8371409,-6.4238588,-3.63770245,2.7186557000000002
207,2.07,2.0059066,-1.2134526,1.8702106,-6.3022966,-3.961461,2.3365595
208,2.08,1.7752724,-1.1761118,1.9392788,-6.0322943,-4.9840493,1.4721853
209,2.09,1.6982723499999999,-1.17245095,1.96405065,-6.027102,-5.04635765,1.37933375
210,2.1,1.6212723,-1.1687901,1.9888225,-6.0219097,-5.108666,1.2864822
211,2.11,1.3603752,-1.0921562,2.1972475,-6.0658917,-4.2778893,1.3377949
212,2.12,1.2467665,-1.0100309,2.3336755,-5.99533685,-3.97092955,1.3738359500000001
213,2.13,1.1331578,-0.9279056,2.4701035,-5.924782,-3.6639698,1.409877
214,2.14,0.9459658,-0.5933032,2.4515553,-5.2503867,-2.3457224,1.4123205
215,2.15,0.8247914199999999,-0.407453595,2.46888315,-5.1612005,-2.4394903,1.2318098000000002
216,2.16,0.70361704,-0.22160399,2.486211,-5.0720143,-2.5332582,1.0512991
217,2.17,0.45052968000000004,-0.0015863700000000036,2.56357715,-5.0720143,-2.5332582,1.0512991
218,2.18,0.19744232,0.21843125,2.6409433,-5.0720143,-2.5332582,1.0512991
219,2.19,-0.21891935,0.7370529,2.7490609,-5.117218,-2.6670377,0.7098254
220,2.2,-0.660052825,1.0133257,3.3513941999999997,-5.3117788,-2.77485535,0.47280969
221,2.21,-1.1011863,1.2895985,3.9537275,-5.5063396,-2.882673,0.23579398
222,2.22,-1.3125398,1.1546348,4.5770497,-5.8215456,-3.8221838,0.24007004
223,2.23,-1.2021039,0.915702775,5.97244715,-5.7711493,-4.30324015,0.55344392
224,2.24,-1.091668,0.67677075,7.3678446,-5.720753,-4.7842965,0.8668178
225,2.25,-0.7264363500000001,0.598306325,7.6784073,-4.1453315,-4.1786236500000005,1.4785993999999998
226,2.26,-0.3612047,0.5198419,7.98897,-2.56991,-3.5729508,2.090381
227,2.27,-0.3612047,0.5198419,7.98897,-2.56991,-3.5729508,2.090381
228,2.28,-0.3612047,0.5198419,7.98897,-2.56991,-3.5729508,2.090381
229,2.29,0.47762005,0.5448577649999999,7.98897,0.9651670000000001,-1.0430524,1.6154332
230,2.3,1.3164448,0.56987363,7.98897,4.500244,1.486846,1.1404854
231,2.31,1.7389079,0.6279593,5.6594434,7.1110826,5.6834903,-0.453262
232,2.32,1.7389079,0.6279593,5.6594434,7.1110826,5.6834903,-0.453262
233,2.33,1.7389079,0.6279593,5.6594434,7.1110826,5.6834903,-0.453262
234,2.34,0.7556012,0.174745,2.4315424,6.260147,7.4262886,-1.5467108
235,2.35,0.58512722,0.01647387,2.0741205000000003,5.872553,7.56709315,-1.4110987000000002
236,2.36,0.41465324,-0.14179726,1.7166986,5.484959,7.7078977,-1.2754866
237,2.37,0.41465324,-0.14179726,1.7166986,5.484959,7.7078977,-1.2754866
238,2.38,0.41465324,-0.14179726,1.7166986,5.484959,7.7078977,-1.2754866
239,2.39,0.41465324,-0.14179726,1.7166986,5.4421985,7.201185000000001,-1.1380419000000002
240,2.4,0.41465324,-0.14179726,1.7166986,5.399438,6.6944723,-1.0005972
241,2.41,0.83894677,-0.56828728,1.7475719,5.8438423,6.22349515,-1.17102865
242,2.42,1.2632403,-0.9947773,1.7784452,6.2882466,5.752518,-1.3414601
243,2.43,1.3408505000000002,-1.1725729999999999,1.7335386,6.7998463000000005,5.040554650000001,-1.8481728499999999
244,2.44,1.4184607,-1.3503687,1.688632,7.311446,4.3285913,-2.3548856
245,2.45,1.35634815,-1.475082,1.4472595,7.6126024999999995,4.12089705,-2.7033841499999998
246,2.46,1.2942356,-1.5997953,1.205887,7.913759,3.9132028,-3.0518827
247,2.47,1.3360914,-1.45006615,1.1861182499999998,7.18102635,3.59219315,-3.02256115
248,2.48,1.3779472,-1.300337,1.1663495,6.4482937,3.2711835,-2.9932396
249,2.49,1.4931422,-1.2254114,1.2495731,5.963877,3.5234706,-2.9523118
250,2.5,1.4931422,-1.2254114,1.2495731,5.963877,3.5234706,-2.9523118
251,2.51,1.6571487,-1.1241276,1.1612244,5.318804,4.4892488,-3.0897565
252,2.52,1.6316447,-1.0638455,1.0542053,5.258328000000001,4.5891252,-3.1752776000000003
253,2.53,1.6061407,-1.0035634,0.9471862,5.197852,4.6890016,-3.2607987
254,2.54,1.3606192,-0.88226694,0.5723142,5.04086,4.7122145,-3.591277
255,2.55,1.10557935,-0.7626788900000001,0.29067215949999997,4.7476445,4.207029,-3.6526689
256,2.56,0.8505395,-0.64309084,0.009030119,4.454429,3.7018435,-3.7140608
257,2.57,0.77524785,-0.58585942,-0.1345975755,4.34141915,3.4813210999999997,-3.66855135
258,2.58,0.6999562,-0.528628,-0.27822527,4.2284093,3.2607987,-3.6230419
259,2.59,0.6677406,-0.5181335,-0.528628,3.2082644,2.0549507,-3.2039883
260,2.6,0.6467517,-0.5574267500000001,-0.75401485,2.6832257,1.70431405,-3.01126025
261,2.61,0.6257628,-0.59672,-0.9794017,2.158187,1.3536774,-2.8185322
262,2.62,0.7382732,-0.66115105,-1.074584,1.6823229,1.1429288,-2.221717
263,2.63,0.8499294,-0.803314375,-1.6412849500000002,1.72599975,1.1777482,-2.3432792
264,2.64,0.9615856,-0.9454777,-2.2079859,1.7696766,1.2125676,-2.4648414
265,2.65,0.6798214850000001,-1.19795495,-2.56223495,1.7556267,1.1093313,-2.604424
266,2.66,0.39805737,-1.4504322,-2.916484,1.7415768,1.006095,-2.7440066
267,2.67,0.20415388725,-1.53914705,-3.056939,1.55648465,0.626136845,-2.7406468
268,2.68,0.0102504045,-1.6278619,-3.197394,1.3713925,0.24617869,-2.737287
269,2.69,-1.1492655,-2.126227,-3.7052772,0.93034774,0.17715092,-2.0995438
270,2.7,-1.36696455,-2.17052335,-3.5677509499999998,0.28405232,0.0711658,-0.8811731
271,2.71,-1.5846636,-2.2148197,-3.4302247,-0.3622431,-0.03481932,0.3371976
272,2.72,-1.6018697,-2.1379416,-3.1341832,-0.3622431,-0.03481932,0.3371976
273,2.73,-1.6190758,-2.0610635,-2.8381417,-0.3622431,-0.03481932,0.3371976
274,2.74,-1.4426224,-1.9087718,-2.6636407,-0.38423425,0.026267206,2.0470095
275,2.75,-0.9661412970000001,-1.6656094333333333,-2.4012792333333337,-0.45611272333333336,-0.5273803293333333,3.0127873333333333
276,2.76,-0.48966019400000005,-1.4224470666666666,-2.1389177666666668,-0.5279911966666667,-1.0810278646666667,3.978565166666667
277,2.77,-0.013179091,-1.1792847,-1.8765563,-0.59986967,-1.6346754,4.944343
278,2.78,0.3402158,-1.0338265,-1.5827112,-0.947452,-1.9376645,5.429981
279,2.79,0.93010217,-0.83736044,-0.9972179,-2.0299053,-2.5992317,6.24121
280,2.8,1.039561835,-0.80819559,-0.8517598,-2.2012529499999998,-2.7333165499999996,6.3038237
281,2.81,1.1490215,-0.77903074,-0.7063017,-2.3726006,-2.8674014,6.3664374
282,2.82,1.436887,-0.720212935,-0.309220545,-2.6627616,-3.225063,6.3633831999999995
283,2.83,1.7247525,-0.66139513,0.08786061,-2.9529226,-3.5827246,6.360329
284,2.84,2.06326,-0.5791479,0.66896087,-3.0775392,-4.0378194,5.956547
285,2.85,2.0852252,-0.61270575,0.726314365,-3.30936255,-4.3689084000000005,5.68532285
286,2.86,2.1071904,-0.6462636,0.78366786,-3.5411859,-4.6999974,5.4140987
287,2.87,2.10328545,-0.66542208,0.81063616,-3.69542935,-4.5023824999999995,5.251914
288,2.88,2.0993805,-0.68458056,0.83760446,-3.8496728,-4.3047676,5.0897293
289,2.89,2.0300682,-0.7050814,0.84785485,-4.0365977,-3.9645154,4.8075094
290,2.9,1.9325673,-0.716063975,0.856396875,-4.2317690500000005,-3.7720928999999996,4.55583285
291,2.91,1.8350664,-0.72704655,0.8649389,-4.4269404,-3.5796704,4.3041563
292,2.92,1.7880854,-0.7189926499999999,0.87616553,-4.6749517,-3.5204165,4.063780899999999
293,2.93,1.7411044,-0.71093875,0.88739216,-4.922963,-3.4611626,3.8234055
294,2.94,1.5951582,-0.7297312,0.8505395,-5.8099394,-3.5650096,3.2473598
295,2.95,1.5170598499999999,-0.8491972,0.811856415,-6.305656450000001,-3.52163815,3.0873131000000003
296,2.96,1.4389615,-0.9686632,0.77317333,-6.8013735,-3.4782667,2.9272664
297,2.97,1.36696465,-1.0722654999999999,0.897642565,-7.74668725,-3.1703906,2.7507262
298,2.98,1.2949678,-1.1758678,1.0221118,-8.692001,-2.8625145,2.574186
299,2.99,1.2739789,-1.2039344,1.1305952000000001,-8.84991,-2.78676725,2.55127865
300,3.0,1.25299,-1.232001,1.2390786,-9.007819,-2.71102,2.5283713
301,3.01,1.25299,-1.232001,1.2390786,-9.007819,-2.71102,2.5283713
302,3.02,1.0011228,-1.0135698,2.169669,-9.282708,-2.2504275,2.3597724
303,3.03,0.91301812,-0.915946885,2.3124425,-9.035308,-2.16765525,2.0824396
304,3.04,0.82491344,-0.81832397,2.455216,-8.787908,-2.084883,1.8051068
305,3.05,0.6475651933333333,-0.520086008,2.7369394000000002,-8.425461066666667,-2.0240001,1.4644476
306,3.06,0.47021694666666664,-0.22184804599999997,3.0186628,-8.063014133333333,-1.9631172,1.1237884
307,3.07,0.2928687,0.076389916,3.3003862,-7.7005672,-1.9022343,0.7831292
308,3.08,0.2928687,0.076389916,3.3003862,-7.68102,-2.05434,0.2602286
309,3.09,-0.08383364999999998,0.010982574999999994,4.30065475,-7.6779655,-2.1392502,0.03359759499999998
310,3.1,-0.460536,-0.054424766,5.3009233,-7.674911,-2.2241604,-0.19303341
311,3.11,-0.460536,-0.054424766,5.3009233,-6.6895855,-2.2901338,-0.621249955
312,3.12,-0.460536,-0.054424766,5.3009233,-5.70426,-2.3561072,-1.0494665
313,3.13,-1.4675162,-0.6028214,7.98897,-4.8618765,-3.1673362,-0.7666359
314,3.14,-1.3307221,-0.6253967,7.98897,-4.8618765,-3.1673362,-0.7666359
315,3.15,-1.193928,-0.647972,7.98897,-4.8618765,-3.1673362,-0.7666359
316,3.16,-0.41514134,-0.5154489,7.98897,-1.244027,-2.14627495,0.3744604
317,3.17,0.36364532,-0.3829258,7.98897,2.3738225,-1.1252137,1.5155567
318,3.18,1.2842293,-0.16498269,6.64031,5.0066514,4.219857,0.9957104
319,3.19,1.3163228,-0.1441158,6.2161382,5.201823,5.1074442,0.7919868
320,3.2,1.3484163,-0.12324891,5.7919664,5.3969946,5.9950314,0.5882632
321,3.21,0.60916686,-0.2774931,3.4346175,5.88813,7.8221292,0.23701571
322,3.22,0.53594969,-0.325572375,3.18043195,6.0585615,7.8065524,0.34727689
323,3.23,0.46273252,-0.37365165,2.9262464,6.228993,7.7909756,0.45753807
324,3.24,0.3048275,-0.69287854,1.9841853,6.291912,7.3884153,0.5766568
325,3.25,0.3397276833333333,-0.76951251,1.9082835333333334,6.38232,6.891374533333334,0.6894632466666667
326,3.26,0.37462786666666664,-0.84614648,1.8323817666666666,6.472728,6.394333766666667,0.8022696933333333
327,3.27,0.40952805,-0.92278045,1.75648,6.563136,5.897293,0.91507614
328,3.28,0.839801,-1.3057063,1.6427493,6.995629,4.9028044,0.86742866
329,3.29,0.839801,-1.3057063,1.6427493,6.995629,4.9028044,0.86742866
330,3.3,0.839801,-1.3057063,1.6427493,6.995629,4.9028044,0.86742866
331,3.31,0.839801,-1.3057063,1.6427493,7.279681,4.4904704,0.75625116
332,3.32,1.0621371499999999,-1.5451264500000002,1.48411215,7.6242090000000005,4.1670172,0.33322698500000003
333,3.33,1.2844733,-1.7845466,1.325475,7.968737,3.843564,-0.08979719
334,3.34,1.3864892,-1.7950411,1.2952118,8.20392,3.3762522,-0.7312057
335,3.35,1.4137423,-1.7678694,1.2829275999999998,8.290662833333334,3.2948034666666666,-0.9183340999999999
336,3.36,1.4409954,-1.7406977000000001,1.2706434,8.377405666666666,3.2133547333333334,-1.1054625
337,3.37,1.4682485,-1.713526,1.2583592,8.4641485,3.131906,-1.2925909
338,3.38,1.5375606,-1.5844196,1.0679946,8.179485,2.1111503,-2.4080307
339,3.39,1.5141311499999999,-1.5423198,1.04956825,7.96873675,1.9712621499999998,-2.5946501499999997
340,3.4,1.4907017,-1.50022,1.0311419,7.7579885,1.831374,-2.7812696
341,3.41,1.2825208,-1.1604922,0.7309515,7.2882333,1.8753563,-3.0262265
342,3.42,1.2287062,-1.018939,0.53607177,5.927531,2.88175685,-2.9813279
343,3.43,1.1748916,-0.8773858,0.34119204,4.5668287,3.8881574,-2.9364293
344,3.44,1.11009435,-0.810026,0.246497825,4.186870450000001,4.2051964,-2.9086349
345,3.45,1.0452971,-0.7426662,0.15180361,3.8069122,4.5222354,-2.8808405
346,3.46,0.861278,-0.724728,0.100917673,3.6221255,4.54025605,-2.75286425
347,3.47,0.6772589,-0.7067898,0.050031736,3.4373388,4.5582767,-2.624888
348,3.48,0.34656128,-0.88104665,-1.0074683,4.312709,3.1154127,-2.6554313
349,3.49,0.318982825,-0.871650455,-1.3558599500000001,4.5439213,2.0864102,-2.49630085
350,3.5,0.29140437,-0.86225426,-1.7042516,4.7751336,1.0574077,-2.3371704
351,3.51,0.29140437,-0.86225426,-1.7042516,4.107458,0.8026769,-2.393981
352,3.52,-0.051740136,-1.4221216,-3.930298,2.6151142,1.0458013,-2.5418103
353,3.53,-0.227461353,-1.4614148500000002,-3.580808,0.41630469999999997,1.4691309499999998,-1.57817037
354,3.54,-0.40318257,-1.5007081,-3.231318,-1.7825048,1.8924606,-0.61453044
355,3.55,-0.3988708966666667,-1.5348761,-3.061454133333333,-0.9248499899999999,1.21378929,0.05212717333333339
356,3.56,-0.3945592233333333,-1.5690441,-2.891590266666667,-0.06719517999999991,0.5351179800000001,0.7187847866666668
357,3.57,-0.39024755,-1.6032121,-2.7217264,0.79045963,-0.14355333,1.3854424
358,3.58,-0.439059,-1.3774592,-2.484747,0.79045963,-0.14355333,1.3854424
359,3.59,-0.439059,-1.3774592,-2.484747,1.066265265,-0.42852196499999995,1.7623462
360,3.6,-0.439059,-1.3774592,-2.484747,1.3420709,-0.7134906,2.13925
361,3.61,-0.439059,-1.3774592,-2.484747,1.246776,-0.84665924,2.516154
362,3.62,-0.32264368,-1.2389567000000001,-2.5715092999999998,0.5839871900000001,-1.07817717,3.0408872
363,3.63,-0.20622836,-1.1004542,-2.6582716,-0.07880162,-1.3096951,3.5656204
364,3.64,0.019158504999999992,-1.05664585,-2.259482,-0.65423666,-1.5836681499999998,4.03262685
365,3.65,0.24454537,-1.0128375,-1.8606924,-1.2296717,-1.8576412,4.4996333
366,3.66,0.573778585,-0.9674429,-1.4355447,-1.8377881,-2.28035995,4.8951686500000005
367,3.67,0.9030118,-0.9220483,-1.010397,-2.4459045,-2.7030787,5.290704
368,3.68,1.2595794,-0.83760446,-0.5176454,-3.0860913,-3.1453452,5.489235
369,3.69,1.35769045,-0.8391908299999999,-0.396470985,-3.20918065,-3.21742725,5.499314350000001
370,3.7,1.4558015,-0.8407772,-0.27529657,-3.33227,-3.2895093,5.5093937
371,3.71,1.4558015,-0.8407772,-0.27529657,-4.0201044,-3.5992181,5.3914967
372,3.72,1.7547715999999998,-0.76633975,0.08273541499999998,-4.17618035,-3.6801577500000002,5.31636035
373,3.73,2.0537417,-0.6919023,0.4407674,-4.3322563,-3.7610974,5.241224
374,3.74,2.2502077,-0.64260274,0.6321083,-5.921117,-4.393343,4.3114867
375,3.75,2.2790877999999997,-0.6457754766666667,0.6490296,-5.921117,-4.393343,4.3114867
376,3.76,2.3079679,-0.6489482133333333,0.6659509,-5.921117,-4.393343,4.3114867
377,3.77,2.336848,-0.65212095,0.6828722,-5.921117,-4.393343,4.3114867
378,3.78,2.336848,-0.65212095,0.6828722,-5.921117,-4.393343,4.3114867
379,3.79,2.336848,-0.65212095,0.6828722,-5.921117,-4.393343,4.3114867
380,3.8,2.336848,-0.65212095,0.6828722,-5.921117,-4.393343,4.3114867
381,3.81,2.336848,-0.65212095,0.6828722,-5.921117,-4.393343,4.3114867
382,3.82,1.80211865,-0.947308175,1.4804513,-6.7045515,-3.40160325,1.951408925
383,3.83,1.2673893,-1.2424954,2.2780304,-7.487986,-2.4098635,-0.40866885
384,3.84,1.0972814,-1.1917315,2.3073172,-7.29312,-2.5558602500000003,-0.477696625
385,3.85,0.9271735,-1.1409676,2.336604,-7.098254,-2.701857,-0.5467244
386,3.86,0.7614586,-1.10863005,2.30609685,-6.83466565,-2.8615982,-0.60261855
387,3.87,0.5957437,-1.0762925,2.2755897,-6.5710773,-3.0213394,-0.6585127
388,3.88,0.1483868,-1.0277251,1.6837509,-4.883257,-2.4110851,-0.27672195
389,3.89,0.06906819775,-1.00881065,1.4939964,-4.8349985,-2.20369635,-0.171042265
390,3.9,-0.0102504045,-0.9898962,1.3042419,-4.78674,-1.9963076,-0.06536258
391,3.91,-0.27505252724999996,-0.68262812,1.3049741,-5.7280835,-2.32831285,0.33200526
392,3.92,-0.53985465,-0.37536004,1.3057063,-6.669427,-2.6603181,0.7293731
393,3.93,-0.503490105,-0.2231903475,1.8234737,-6.9791355,-3.34906875,1.14689955
394,3.94,-0.46712556,-0.071020655,2.3412411,-7.288844,-4.0378194,1.564426
395,3.95,-0.32760617066666664,0.016677246666666673,2.5729328,-7.103548333333333,-4.262821366666667,1.3775012
396,3.96,-0.18808678133333334,0.10437514833333335,2.8046245,-6.918252666666667,-4.487823333333334,1.1905764
397,3.97,-0.048567392,0.19207305,3.0363162,-6.732957,-4.7128253,1.0036516
398,3.98,0.0102504045,0.5864696,6.0226007,-6.2039475,-4.860655,0.2706133
399,3.99,-0.58268669775,0.59403535,6.56306555,-5.63523195,-4.34508465,-0.25992316499999996
400,4.0,-1.1756238,0.6016011,7.1035304,-5.0665164,-3.8295143,-0.79045963
401,4.01,-1.1646413,0.19671014,7.98897,-3.617544,-3.0885346,0.37873647
402,4.02,-0.562307955,-0.003294775,7.98897,-1.7592919150000002,-2.0625865,0.761748935
403,4.03,0.04002539,-0.20329969,7.98897,0.09896017,-1.0366384,1.1447614
404,4.04,0.28591307000000005,-0.212573865,7.98897,1.216232685,-0.34208457999999997,1.2131783
405,4.05,0.53180075,-0.22184804,7.98897,2.3335052,0.35246924,1.2815952
406,4.06,0.760116325,-0.201469255,7.396521,4.4474044,2.71101987,1.098030225
407,4.07,0.9884319,-0.18109047,6.804072,6.5613036,5.0695705,0.91446525
408,4.08,0.77683425,-0.13325526,3.448041,7.1104712,6.817867,0.54733527
409,4.09,0.666154275,-0.16522675999999997,2.89561725,6.6798111,6.931488,0.43585235
410,4.1,0.5554743,-0.19719826,2.3431935,6.249151,7.045109,0.32436943
411,4.11,0.5541320000000001,-0.3640114,2.14977825,6.13033785,7.0292265,0.323453145
412,4.12,0.5527897,-0.53082454,1.956363,6.0115247,7.013344,0.32253686
413,4.13,0.5527897,-0.53082454,1.956363,5.849035,6.7659435,0.50579643
414,4.14,0.5527897,-0.53082454,1.956363,5.891489999999999,6.6984429,0.507629035
415,4.15,0.5527897,-0.53082454,1.956363,5.933945,6.6309423,0.50946164
416,4.16,0.9325428,-0.92156022,1.8998637,6.070168,6.56221985,0.50396384
417,4.17,1.3122959,-1.3122959,1.8433644,6.206391,6.4934974,0.49846604
418,4.18,1.5473229,-1.5504957,1.6080933,7.311446,5.558263,-0.16554448
419,4.19,1.5690439999999999,-1.6204181,1.5146193000000001,7.3844444,5.39760525,-0.31887166
420,4.2,1.5907651,-1.6903405,1.4211453,7.4574428,5.2369475,-0.47219884
421,4.21,1.5880805,-1.7176749,1.3374337,7.5264707,5.0176473,-0.68844515
422,4.22,1.5880805,-1.7176749,1.3374337,7.5264707,5.0176473,-0.68844515
423,4.23,1.5880805,-1.7176749,1.3374337,7.5264707,5.0176473,-0.68844515
424,4.24,1.3936889,-1.5274323,1.084346325,7.14284735,4.32187165,-1.1933252749999999
425,4.25,1.1992973,-1.3371897,0.83125895,6.759224,3.626096,-1.6982054
426,4.26,1.1992973,-1.3371897,0.83125895,5.8365121,3.64320025,-1.7540995499999998
427,4.27,1.1992973,-1.3371897,0.83125895,4.9138002,3.6603045,-1.8099937
428,4.28,1.21931,-1.2071072,1.308879,4.5045204,4.044539,-1.7941113
429,4.29,1.1104604999999999,-1.22943845,1.41565405,4.426634999999999,4.314541350000001,-1.70156515
430,4.3,1.001611,-1.2517697,1.5224291,4.3487496,4.5845437,-1.609019
431,4.31,0.68604493,-1.4067459,1.7164546,6.170961,3.4397821,-1.1710287
432,4.32,0.664933965,-1.44335455,1.6643484000000002,6.170961,3.4397821,-1.1710287
433,4.33,0.643823,-1.4799632,1.6122422,6.170961,3.4397821,-1.1710287
434,4.34,0.6616392,-1.57526755,1.283497085,8.325788,1.4138475750000001,-1.29808865
435,4.35,0.6794554,-1.6705719,0.95475197,10.480615,-0.61208695,-1.4251486
436,4.36,0.8649389000000001,-1.73366065,-0.403304565,10.473895500000001,-0.9275988749999999,-1.7641788
437,4.37,1.0504224,-1.7967494,-1.7613611,10.467176,-1.2431108,-2.103209
438,4.38,0.4834774,-1.704984,-3.1376,5.466022,0.9828822,-2.879619
439,4.39,0.2263630935,-1.6750869000000002,-3.24083615,4.40281115,1.4523321,-2.6193903
440,4.4,-0.030751213,-1.6451898,-3.3440723,3.3396003,1.921782,-2.3591616
441,4.41,0.064919226,-1.7357352,-3.0114224,-0.3390302,1.921782,-0.28221974
442,4.42,0.19390348799999998,-1.72231205,-2.83387075,-0.5131268,2.0106629000000003,-0.18845193
443,4.43,0.32288775,-1.7088889,-2.6563191,-0.6872234,2.0995438,-0.09468412
444,4.44,0.27273398,-1.78015365,-2.68609415,-0.73548175,2.110234,-0.21594086
445,4.45,0.22258021,-1.8514184,-2.7158692,-0.7837401,2.1209242,-0.3371976
446,4.46,-0.16095574500000004,-1.8602044,-2.7494271,-0.6835582,1.88818455,-0.097127565
447,4.47,-0.5444917,-1.8689904,-2.782985,-0.5833763,1.6554449,0.14294247
448,4.48,-0.8341876,-1.6986383,-2.7532098,-0.42577308,0.50579643,1.4159856
449,4.49,-0.72643635,-1.6665448,-2.71208605,-0.5690209900000001,0.019853129999999997,2.1725421999999996
450,4.5,-0.6186851,-1.6344513,-2.6709623,-0.7122689,-0.46609017,2.9290988
451,4.51,0.016839951,-1.3845367,-2.281203,-1.3646729,-0.81489426,3.9419134
452,4.52,0.016839951,-1.3845367,-2.281203,-1.3646729,-0.81489426,3.9419134
453,4.53,0.016839951,-1.3845367,-2.281203,-1.3646729,-0.81489426,3.9419134
454,4.54,0.016839951,-1.3845367,-2.281203,-1.3646729,-0.81489426,3.9419134
455,4.55,0.42685616,-1.0899596,-1.7313421,-3.1856623,-2.0066924,5.5326066
456,4.56,0.79489448,-1.01479,-1.36952725,-3.64594915,-2.5127942,5.7283888
457,4.57,1.1629328,-0.9396204,-1.0077124,-4.106236,-3.018896,5.924171
458,4.58,1.4574285,-0.8922733,-0.6452873786666666,-4.463185,-3.5393531333333335,5.8991256666666665
459,4.59,1.7519242,-0.8449262,-0.2828623573333333,-4.8201339999999995,-4.059810266666667,5.874080333333334
460,4.6,2.0464199,-0.7975791,0.079562664,-5.177083,-4.5802674,5.849035
461,4.61,2.3710163,-0.7321718,0.4417436,-5.6694403,-4.764749,5.583308
462,4.62,2.3710163,-0.7321718,0.4417436,-5.6694403,-4.764749,5.583308
463,4.63,2.3710163,-0.7321718,0.4417436,-5.6694403,-4.764749,5.583308
464,4.64,2.7812765,-0.78537625,0.9359596,-7.2247033,-4.370741,4.1245623
465,4.65,2.718147,-0.8828364666666667,1.1094843,-7.671856533333333,-4.072231433333333,3.7332012
466,4.66,2.6550175,-0.9802966833333333,1.283009,-8.119009766666666,-3.7737218666666665,3.3418401
467,4.67,2.591888,-1.0777569,1.4565337,-8.566163,-3.4752123,2.950479
468,4.68,2.2243378,-1.2856936,2.396398,-8.542339,-3.255301,2.07572
469,4.69,2.01701115,-1.2567728,2.5817595,-8.02188215,-3.2577444499999997,1.7559320999999999
470,4.7,1.8096845,-1.227852,2.767121,-7.5014253,-3.2601879,1.4361442
471,4.71,1.55342435,-1.14609285,2.7645584,-6.64499215,-3.3512068,1.2550226
472,4.72,1.2971642,-1.0643337,2.7619958,-5.788559,-3.4422257,1.073901
473,4.73,1.073852,-0.93107843,2.6358182,-5.150816,-3.5485163,1.0635164
474,4.74,0.908625185,-0.826743915,2.40847895,-4.38051475,-3.7027597500000002,1.2678508499999999
475,4.75,0.74339837,-0.7224094,2.1811397,-3.6102135,-3.8570032,1.4721853
476,4.76,0.689583735,-0.6916582149999999,2.1187831,-3.4920112000000003,-3.76537335,1.6288721499999999
477,4.77,0.6357691,-0.66090703,2.0564265,-3.3738089,-3.6737435,1.785559
478,4.78,0.52033,-0.5266756,2.1169527,-3.3738089,-3.6737435,1.785559
479,4.79,0.407575585,-0.42038865000000003,2.3261096500000003,-2.8994720000000003,-4.05186905,1.8906279
480,4.8,0.29482117,-0.3141017,2.5352666,-2.4251351,-4.4299946,1.9956968
481,4.81,-0.18109047,0.084687866,2.929419,-1.8338175,-4.6541824,2.266921
482,4.82,-0.390613615,0.924366833,2.5025630000000003,-1.82984685,-4.0866885,3.422678
483,4.83,-0.60013676,1.7640458,2.075707,-1.8258762,-3.5191946,4.578435
484,4.84,-0.37169918,1.9005958500000002,2.1146339999999997,-2.3487768,-3.2604931500000003,4.87501
485,4.85,-0.1432616,2.0371459,2.153561,-2.8716774,-3.0017917,5.171585
486,4.86,0.6211257,2.1142679500000003,2.75125735,-5.141041700000001,-2.46178685,5.7500745
487,4.87,1.385513,2.19139,3.3489537,-7.410406,-1.921782,6.328564
488,4.88,2.579929,2.52404,5.902036,-7.8844376,-1.119716,5.477018
489,4.89,2.5780987,2.57907485,6.13486685,-7.6000798,-0.25014931500000004,5.096754349999999
490,4.9,2.5762684,2.6341097,6.3676977,-7.315722,0.61941737,4.7164907
491,4.91,2.9028169999999998,2.47388625,7.17833385,-6.3777384999999995,1.477072185,4.11265035
492,4.92,3.2293656,2.3136628,7.98897,-5.439755,2.334727,3.50881
493,4.93,3.3499298,2.0713139,7.98897,-3.3982434,3.1838295,2.5057693
494,4.94,3.3499298,2.0713139,7.98897,-3.3982434,3.1838295,2.5057693
495,4.95,3.3499298,2.0713139,7.98897,-3.3982434,3.1838295,2.5057693
496,4.96,2.6842637,1.1553670399999998,6.0804423,1.9474385000000005,3.78705895,0.3894266000000002
497,4.97,2.0185976,0.23942018,4.1719146,7.2931204,4.3902884,-1.7269161
498,4.98,1.5983309,-0.09005712,1.9983407,9.252165,4.2723913,-3.1117475
499,4.99,1.51498535,-0.09274175000000001,1.62493315,8.04081925,4.92174115,-3.05402075
500,5.0,1.4316398,-0.09542638,1.2515256,6.8294735,5.571091,-2.996294
501,5.01,1.31766505,-0.14106509,1.04163633,5.69051525,6.4073655,-2.8212810499999996
502,5.02,1.2036903,-0.1867038,0.83174706,4.551557,7.24364,-2.6462681
503,5.03,1.2036903,-0.1867038,0.83174706,4.1856484,7.656585,-2.5247061
504,5.04,1.2337094,-0.47212875,1.20332418,4.1279217,7.7601267,-2.4514023
505,5.05,1.2637285,-0.7575537,1.5749013,4.070195,7.8636684,-2.3780985
506,5.06,1.3032657,-0.9096014,1.7032754,4.5497246,7.340768,-2.3102922
507,5.07,1.3669646,-1.087519,1.7869871,5.8685822,5.778785,-2.4825563
508,5.08,1.42138935,-1.2924050999999999,1.7110853499999998,6.511518,5.0952269999999995,-2.676506
509,5.09,1.4758141,-1.4972912,1.6351836,7.1544538,4.411669,-2.8704557
510,5.1,1.4465274,-1.6066289,1.4204131,8.451321,3.0592132,-3.6254852
511,5.11,1.45812005,-1.504857,1.13913715,8.4668975,2.9849930000000002,-3.6893206999999997
512,5.12,1.4697127,-1.4030851,0.8578612,8.482474,2.9107728,-3.7531562
513,5.13,1.4697127,-1.4030851,0.8578612,8.482474,2.9107728,-3.7531562
514,5.14,1.4697127,-1.4030851,0.8578612,8.482474,2.9107728,-3.7531562
515,5.15,1.4697127,-1.4030851,0.8578612,8.482474,2.9107728,-3.7531562
516,5.16,1.3070485500000002,-1.2687316,1.006248,7.1715575000000005,3.8200457,-4.0417901
517,5.17,1.1443844,-1.1343781,1.1546348,5.860641,4.7293186,-4.330424
518,5.18,1.00539385,-1.14694705,1.1342560499999998,6.021604,4.8896708,-4.190841
519,5.19,0.8664033,-1.159516,1.1138773,6.182567,5.050023,-4.051258
520,5.2,0.2865232,-1.2046666,0.6740861,6.9595876,4.5992045,-3.2381966
521,5.21,0.27822526000000003,-1.2066189999999999,0.5368039,7.2674638,3.54210225,-2.810591
522,5.22,0.26992732,-1.2085714,0.3995217,7.57534,2.485,-2.3829854
523,5.23,0.728999,-1.1746475,-0.545468,7.3914695,0.398895,-2.2656991
524,5.24,0.728999,-1.1746475,-0.545468,7.3914695,0.398895,-2.2656991
525,5.25,0.728999,-1.1746475,-0.545468,7.3914695,0.398895,-2.2656991
526,5.26,0.69812575,-1.1526824,-0.84395,6.7586131,-0.0849103,-2.62580415
527,5.27,0.6672525,-1.1307173,-1.142432,6.1257567,-0.5687156,-2.9859092
528,5.28,0.37255338,-1.5258459,-1.67850375,3.93091785,0.7489208,-2.5017985
529,5.29,0.07785426,-1.9209745,-2.2145755,1.736079,2.0665572,-2.0176878
530,5.3,-0.0134231495,-1.9802804,-2.2702205,-0.065973446,2.0158553,-0.6010914
531,5.31,-0.004881145450000001,-2.0862013,-2.18821725,-0.021991148500000002,1.95537965,-0.5653558000000001
532,5.32,0.0036608586,-2.1921222,-2.106214,0.021991149,1.894904,-0.5296202
533,5.33,-0.2877435,-2.2733932,-2.211891,0.2773328,1.8997909,-0.5693264
534,5.34,-0.2877435,-2.2733932,-2.211891,0.56169058,1.7085901,-0.03756820999999999
535,5.35,-0.2877435,-2.2733932,-2.211891,0.84604836,1.5173893,0.49418998
536,5.36,-0.2877435,-2.2733932,-2.211891,0.61727933,0.97066489,1.28984199
537,5.37,-0.2877435,-2.2733932,-2.211891,0.3885103,0.42394048,2.085494
538,5.38,-0.46248849999999997,-2.0908384,-2.2546009,-0.08429940000000002,0.0073303899999999644,3.16977975
539,5.39,-0.6372335,-1.9082836,-2.2973108,-0.5571091,-0.4092797,4.2540655
540,5.4,-0.088348724,-1.5280424,-1.8704547,-1.3750577,-0.84604836,5.3554554
541,5.41,0.001220286000000001,-1.47239735,-1.79211235,-1.79319485,-1.12307573,5.7311375
542,5.42,0.090789296,-1.4167523,-1.71377,-2.211332,-1.4001031,6.1068196
543,5.43,0.86274236,-1.1497537,-1.0994779,-3.1764994,-2.1777346,6.582073
544,5.44,0.95206733,-1.11082655,-0.9941672149999999,-3.3973271,-2.3802364000000003,6.6233065
545,5.45,1.0413923,-1.0718994,-0.88885653,-3.6181548,-2.5827382,6.66454
546,5.46,1.5274323,-0.99611965,-0.34924594499999995,-4.28094355,-3.225063,6.79312715
547,5.47,2.0134723,-0.9203399,0.19036464,-4.9437323,-3.8673878,6.9217143
548,5.48,2.173818,-0.8703081699999999,0.32606047000000005,-5.04635765,-3.8496727,6.881397
549,5.49,2.3341637,-0.82027644,0.4617563,-5.148983,-3.8319576,6.8410797
550,5.5,2.4991462,-0.7038611,0.6411384,-6.021299,-3.277292,5.6871552
551,5.51,2.4991462,-0.7038611,0.6411384,-6.021299,-3.277292,5.6871552
552,5.52,2.4991462,-0.7038611,0.6411384,-6.021299,-3.277292,5.6871552
553,5.53,2.5130575,-0.64162654,1.0887394,-7.0023484,-2.5717428,4.5766025
554,5.54,2.34514605,-0.707033845,1.21479495,-7.693847699999999,-2.010663,4.0121629500000004
555,5.55,2.1772346,-0.77244115,1.3408505,-8.385347,-1.4495832,3.4477234
556,5.56,1.9473327,-0.8944697749999999,1.6392105,-8.498968,-1.2406673000000001,2.7027733
557,5.57,1.7174308,-1.0164984,1.9375705,-8.612589,-1.0317514,1.9578232
558,5.58,1.7174308,-1.0164984,1.9375705,-8.612589,-1.0317514,1.9578232
559,5.59,1.5961344,-1.0162543,2.0754628,-8.271727,-1.2021828,1.5515977
560,5.6,1.3162007,-0.94511163,2.2947483,-8.01333065,-1.34176555,1.3848315
561,5.61,1.036267,-0.87396896,2.5140338,-7.7549343,-1.4813483,1.2180653
562,5.62,0.954996,-0.83174708,2.5338024,-6.428440350000001,-1.80357965,1.1582005
563,5.63,0.873725,-0.7895252,2.553571,-5.1019464,-2.125811,1.0983357
564,5.64,0.698735925,-0.60208922,2.3893204,-5.1019464,-2.125811,1.0983357
565,5.65,0.52374685,-0.41465324,2.2250698,-5.1019464,-2.125811,1.0983357
566,5.66,0.29506520999999997,-0.04942158000000002,1.89339605,-4.6025642,-1.8588629,1.2840387500000001
567,5.67,0.06638357,0.31581008,1.5617223,-4.103182,-1.5919148,1.4697418
568,5.68,-0.014155319999999999,0.41026024,1.54768905,-4.2824708000000005,-1.4789047499999999,1.49112205
569,5.69,-0.09469421,0.5047104,1.5336558,-4.4617596,-1.3658947,1.5125023
570,5.7,-0.3116611,0.86347455,1.6781375,-5.8636956,-0.89736104,1.7159204
571,5.71,-0.430639015,1.0477377749999999,1.85642135,-6.1306436,-0.828638705,1.6172657
572,5.72,-0.54961693,1.232001,2.0347052,-6.3975916,-0.75991637,1.518611
573,5.73,-0.6789673,1.2815446,2.5604048,-7.877718,-1.9620992,0.82527894
574,5.74,-0.6789673,1.2815446,2.5604048,-8.240572,-2.5604417,0.76999562
575,5.75,-0.6789673,1.2815446,2.5604048,-8.603426,-3.1587842,0.7147123
576,5.76,-0.436862495,0.84382792,5.2386892,-7.416515,-3.5870007499999996,1.36070235
577,5.77,-0.19475769,0.40611124,7.9169736,-6.229604,-4.0152173,2.0066924
578,5.78,0.002440570000000003,0.370967,7.9529718,-4.92265775,-3.9562688,2.08030165
579,5.79,0.19963883,0.33582276,7.98897,-3.6157115,-3.8973203,2.1539109
580,5.8,1.6046765,0.43417785,7.98897,2.271808,-3.6016614,1.5302174
581,5.81,1.7965054500000002,0.500683445,7.68145785,3.8524217,-2.5170702,1.1114693
582,5.82,1.9883344,0.56718904,7.3739457,5.4330354,-1.432479,0.6927212
583,5.83,1.8531268,0.54717636,5.4231963,6.935764,2.7043004,-0.12217305
584,5.84,1.7235323500000002,0.49873098000000005,4.90262215,7.1046682,3.3735032,-0.25931229
585,5.85,1.5939379,0.4502856,4.382048,7.2735724,4.042706,-0.39645153
586,5.86,1.202226,0.237467691,3.07939235,7.478517699999999,4.8753155,-0.737619765
587,5.87,0.8105141,0.024649782,1.7767367,7.683463,5.707925,-1.078788
588,5.88,0.8014840000000001,-0.020012694,1.66337215,7.4620245,5.5203895,-1.1438452
589,5.89,0.7924539,-0.06467517,1.5500076,7.240586,5.332854,-1.2089024
590,5.9,0.7924539,-0.06467517,1.5500076,6.586349,4.8533244,-1.3041973
591,5.91,1.0832481,-0.38561043500000003,1.50095205,6.45012615,4.8411072,-1.43889305
592,5.92,1.3740423,-0.7065457,1.4518965,6.3139033,4.82889,-1.5735888
593,5.93,1.4928981,-0.87079626,1.4394495,6.4666195,4.823392,-2.0506747
594,5.94,1.5155954999999999,-0.95511803,1.42919915,6.5701611,4.773912,-2.3832908
595,5.95,1.5382929,-1.0394398,1.4189488,6.6737027,4.724432,-2.7159069
596,5.96,1.4381073,-1.20063965,1.35219915,6.6578202,4.555527700000001,-2.91046755
597,5.97,1.3379217,-1.3618395,1.2854495,6.6419377,4.3866234,-3.1050282
598,5.98,1.2190659,-1.41272535,1.28825615,6.55580565,4.2898012,-3.1429017999999997
599,5.99,1.1002101,-1.4636112,1.2910628,6.4696736,4.192979,-3.1807754
600,6.0,0.98452693,-1.4924101,1.3171769,6.25526,4.310265,-3.137404
601,6.01,0.9351053149999999,-1.45982845,1.31229585,6.1269785,4.3182063,-3.0256156
602,6.02,0.8856837,-1.4272468,1.3074148,5.998697,4.3261476,-2.9138272
603,6.03,0.7743936,-1.2498171,1.2607998,5.379279,4.198477,-2.5876253
604,6.04,0.7743936,-1.2498171,1.2607998,5.105306000000001,4.201531299999999,-2.48438895
605,6.05,0.7743936,-1.2498171,1.2607998,4.831333,4.2045856,-2.3811526
606,6.06,0.7743936,-1.2498171,1.2607998,4.4700065,4.4501533,-2.2204951
607,6.07,0.7743936,-1.2498171,1.2607998,4.10868,4.695721,-2.0598376
608,6.08,0.74998792,-1.0557916,1.504857,4.415945,4.696332,-1.91445165
609,6.09,0.72558224,-0.8617661,1.7489142,4.72321,4.696943,-1.7690657
610,6.1,0.7668279,-0.93937635,1.0465174,6.422637,3.5442402,-0.7507534
611,6.11,1.04590735,-0.936081555,0.5358276479999999,6.54267215,3.2229251,-0.6902777250000001
612,6.12,1.3249868,-0.93278676,0.025137896,6.6627073,2.90161,-0.62980205
613,6.13,1.4042240333333333,-0.9090318866666667,-0.8437872026666666,6.4385197666666665,1.9020308099999998,-1.3960307
614,6.14,1.4834612666666667,-0.8852770133333334,-1.7127123013333334,6.214332233333334,0.9024516199999999,-2.1622593500000002
615,6.15,1.5626985,-0.86152214,-2.5816374,5.9901447,-0.09712757,-2.928488
616,6.16,1.31754305,-0.9370578199999999,-2.8498564,5.5280251499999995,-0.13805554,-3.4034357
617,6.17,1.0723876,-1.0125935,-3.1180754,5.0659056,-0.17898351,-3.8783834
618,6.18,0.13240110000000005,-1.3572023500000001,-3.116123,1.926669,1.5250250950000002,-3.1028900000000004
619,6.19,-0.8075854,-1.7018112,-3.1141706,-1.2125676,3.2290337,-2.3273966
620,6.2,-0.8222289,-1.7342708,-2.1467276,-1.7599027,3.6658022,-0.8179486
621,6.21,-0.786962625,-1.70803465,-1.96331855,-0.767246715,3.16428195,-0.21716261999999997
622,6.22,-0.75169635,-1.6817985,-1.7799095,0.22540927,2.6627617,0.38362336
623,6.23,-0.69434285,-1.5783182,-2.5357547,2.7843237,1.2944235,1.3078625
624,6.24,-0.662859475,-1.5637968,-2.8099531,3.21681635,0.31581735,1.8170186
625,6.25,-0.6313761,-1.5492754,-3.0841515,3.649309,-0.6627888,2.3261747
626,6.26,-0.5834188499999999,-1.5298729,-3.26402165,2.98682565,-0.9376782,2.7168231
627,6.27,-0.5354616,-1.5104704,-3.4438918,2.3243423,-1.2125676,3.1074715
628,6.28,-0.201469255,-1.3835606,-3.2923323,0.4957172000000001,-1.0580186500000002,3.5375206500000003
629,6.29,0.13252309,-1.2566508,-3.1407728,-1.3329079,-0.9034697,3.9675698
630,6.3,0.3863426,-1.1853861,-2.3732128,-2.982855,-1.4153748,4.147775
631,6.31,0.6942208000000001,-1.17672205,-1.7647780000000002,-3.94038635,-2.2201896999999997,4.2143595000000005
632,6.32,1.002099,-1.168058,-1.1563432,-4.8979177,-3.0250046,4.280944
633,6.33,1.2456682,-1.2146729,-0.6728658,-5.4006596,-3.526525,4.2314634
634,6.34,1.40991875,-1.23724825,-0.267486725,-5.5597898,-3.6713,4.1963387
635,6.35,1.5741693,-1.2598236,0.13789235,-5.71892,-3.816075,4.161214
636,6.36,1.6788698499999999,-1.2655589,0.481158845,-5.8227674,-3.907094,4.05950495
637,6.37,1.7835704,-1.2712942,0.82442534,-5.9266148,-3.998113,3.9577959
638,6.38,1.7866211,-1.24261745,0.98184227,-5.701510900000001,-3.8585303,3.7607919499999998
639,6.39,1.7896718,-1.2139407,1.1392592,-5.476407,-3.7189476,3.563788
640,6.4,1.5434179,-0.8161274,1.3176651,-4.849659,-3.1221323,3.3420436
641,6.41,1.51217865,-0.7905013999999999,1.2960660499999999,-4.7213775,-2.59923165,3.1282408
642,6.42,1.4809394,-0.7648754,1.274467,-4.593096,-2.076331,2.914438
643,6.43,1.2495731,-0.65260905,1.134134,-4.6975536,-1.6249015,2.5130997
644,6.44,1.1728171,-0.6318641899999999,1.0704351,-4.9287662999999995,-1.6966782,2.2571471
645,6.45,1.0960611,-0.61111933,1.0067362,-5.159979,-1.7684549,2.0011945
646,6.46,1.08422435,-0.629057565,0.93669172,-5.3200255,-1.8658879000000002,1.9190331
647,6.47,1.0723876,-0.6469958,0.86664724,-5.480072,-1.9633209,1.8368717
648,6.48,1.05347315,-0.67762495,0.8672574200000001,-5.9302797,-2.12153505,1.6267341000000002
649,6.49,1.0345587,-0.7082541,0.8678676,-6.3804874,-2.2797492,1.4165965
650,6.5,0.93205464,-0.7336361,1.0208915,-7.6645265,-2.4715607,1.0274754
651,6.51,0.83687232,-0.8563969,1.4520186000000002,-8.09152125,-2.37657115,1.0531317
652,6.52,0.74169,-0.9791577,1.8831457,-8.518516,-2.2815816,1.078788
653,6.53,0.64443318,-1.0116173000000002,2.2240936,-8.3813765,-1.379333685,1.21104035
654,6.54,0.54717636,-1.0440769,2.5650415,-8.244237,-0.47708577,1.3432927
655,6.55,0.4195344,-0.56694496,2.8391178,-7.1385713,0.70371675,1.2986995
656,6.56,0.32423004499999997,-0.257846469,2.7430814,-6.48647265,0.48411069500000004,1.055880575
657,6.57,0.22892569,0.051252022,2.647045,-5.834374,0.26450464,0.81306165
658,6.58,0.21733297499999998,0.417459941,2.51159315,-5.74304965,-0.08765916499999998,0.697302675
659,6.59,0.20574026,0.78366786,2.3761413,-5.6517253,-0.43982297,0.5815437
660,6.6,0.20574026,0.78366786,2.3761413,-5.743355,-1.2412782,0.11728613
661,6.61,-0.302631,1.4611707,2.3829749,-5.9773164,-1.7293595,-0.516792
662,6.62,-1.4307856,1.3075367500000001,2.77517485,-7.7350812,-1.5005905,-1.719891
663,6.63,-2.5589402,1.1539028,3.1673748,-9.492846,-1.2718215,-2.92299
664,6.64,-2.6410655,0.94364743,3.60997255,-10.7576425,-1.8112154999999999,-2.22232765
665,6.65,-2.7231908,0.73339206,4.0525703,-12.022439,-2.3506095,-1.5216653
666,6.66,-1.7619713,0.05088594499999999,6.020770150000001,-9.508117649999999,-4.360356250000001,-0.34697143499999994
667,6.67,-0.8007518,-0.63162017,7.98897,-6.9937963,-6.370103,0.82772243
668,6.68,-0.059794000000000014,-0.40354866500000003,7.98897,-0.43340895000000046,-5.9724295000000005,0.742812165
669,6.69,0.6811638,-0.17547716,7.98897,6.1269784,-5.574756,0.6579019
670,6.7,1.3284036,0.021232981,7.98897,8.476977,-2.1642957,0.25350907
671,6.71,1.5912533,0.19414755050000002,6.05384,8.3997025,2.3115141500000003,-0.288939265
672,6.72,1.854103,0.36706212,4.11871,8.322428,6.787324,-0.8313876
673,6.73,1.72951175,0.32361991,3.7243136000000003,8.1019057,7.4861535,-0.99693205
674,6.74,1.6049205,0.2801777,3.3299172,7.8813834,8.184983,-1.1624765
675,6.75,0.6792113,-0.43759465,1.9136529,7.692626,8.613811,-1.4501941
676,6.76,0.5532777799999999,-0.637355475,1.6439696000000001,7.7418008,7.6495602,-1.29595065
677,6.77,0.42734426,-0.8371163,1.3742863,7.7909756,6.6853094,-1.1417072
678,6.78,0.42734426,-0.8371163,1.3742863,7.7909756,6.6853094,-1.1417072
679,6.79,0.42734426,-0.8371163,1.3742863,7.7909756,6.6853094,-1.1417072
680,6.8,0.84150934,-1.2717823,1.0936205,8.007833,3.8386772,-1.2156218
681,6.81,0.93278677,-1.34292495,1.0917900500000002,7.972708,3.05890775,-1.7037031
682,6.82,1.0240642,-1.4140676,1.0899596,7.937583,2.2791383,-2.1917844
683,6.83,1.0598185999999998,-1.4908236000000001,1.1829455,7.958963150000001,2.1658227500000002,-2.3823744
684,6.84,1.095573,-1.5675796,1.2759314,7.9803433,2.0525072,-2.5729644
685,6.85,1.0218678,-1.6068729,1.1116807,7.5191402,1.6316211,-3.2192597
686,6.86,1.04188045,-1.5243815,1.26531475,7.0054026,1.67529795,-3.19696315
687,6.87,1.0618931,-1.4418901,1.4189488,6.491665,1.7189748,-3.1746666
688,6.88,1.1198567000000001,-1.4158979999999999,1.51791405,6.491665,1.7189748,-3.1746666
689,6.89,1.1778203,-1.3899059,1.6168793,6.491665,1.7189748,-3.1746666
690,6.9,1.37941155,-1.3812419500000002,1.72133575,6.337116,2.7327057000000003,-3.1215213000000004
691,6.91,1.5810028,-1.372578,1.8257922,6.182567,3.7464366,-3.068376
692,6.92,1.6037002,-1.411139,1.5641629,6.9534793,4.0598106,-3.6774087
693,6.93,1.5373166,-1.40747815,1.4794749999999999,7.38749885,3.5986073,-3.88693545
694,6.94,1.470933,-1.4038173,1.3947871,7.8215184,3.137404,-4.0964622
695,6.95,0.98574716,-1.2498171,0.65968674,8.674287,0.8918633,-4.4122796
696,6.96,0.86188813,-1.1715968,0.055523035,8.1712392,0.0794125,-4.40769815
697,6.97,0.7380291,-1.0933765,-0.54864067,7.6681914,-0.7330383,-4.4031167
698,6.98,0.6289355,-1.001977075,-1.2568948350000002,6.871623,-0.3943135185,-4.29896435
699,6.99,0.5198419,-0.91057765,-1.965149,6.0750546,-0.055588737,-4.194812
700,7.0,0.5198419,-0.91057765,-1.965149,4.3960915499999995,0.9841039314999999,-3.87319135
701,7.01,0.5198419,-0.91057765,-1.965149,2.7171285,2.0237966,-3.5515707
702,7.02,-0.7038611,-1.5253577,-2.037634,0.4288274,3.0384438,-3.14168
703,7.03,-0.7917217249999999,-1.6704498,-2.0509351000000002,0.60078597,2.6728408999999997,-3.1172453
704,7.04,-0.87958235,-1.8155419,-2.0642362,0.77274454,2.307238,-3.0928106
705,7.05,-0.87958235,-1.8155419,-2.0642362,0.77274454,2.307238,-3.0928106
706,7.06,-0.8793382949999999,-2.1245183499999998,-2.76150775,0.7525859699999999,1.2873985,-1.78036669
707,7.07,-0.87909424,-2.4334948,-3.4587793,0.7324274,0.267559,-0.46792278
708,7.08,-1.0320367266666668,-2.3621487666666665,-3.1651784333333333,0.06149373333333341,0.8096000666666666,0.29973118
709,7.09,-1.1849792133333334,-2.2908027333333334,-2.8715775666666663,-0.6094399333333331,1.3516411333333331,1.0673851399999998
710,7.1,-1.3379217,-2.2194567,-2.5779767,-1.2803736,1.8936822,1.8350391
711,7.11,-1.3379217,-2.2194567,-2.5779767,-1.2803736,1.8936822,1.8350391
712,7.12,-1.1614684,-2.0127401,-1.9497733,0.25350907,0.79168135,3.3585372
713,7.13,-0.9414507999999999,-1.86654985,-2.0117639,0.483805285,0.269696995,3.8527271
714,7.14,-0.7214332,-1.7203596,-2.0737545,0.7141015,-0.25228736,4.346917
715,7.15,-0.498975025,-1.61370655,-2.0503249,0.09162979999999998,-0.9022479300000001,5.2601605
716,7.16,-0.27651685,-1.5070535,-2.0268953,-0.5308419,-1.5522085,6.173404
717,7.17,0.011226633,-1.4575099,-1.8892472,-1.3854424,-2.048842,6.750672
718,7.18,0.5817104665,-1.37623885,-1.4135796,-2.2629502,-2.4599542999999997,7.16942
719,7.19,1.1521943,-1.2949678,-0.937912,-3.140458,-2.8710666,7.588168
720,7.2,1.3568362999999999,-1.27959215,-0.751330235,-3.43031365,-3.00026465,7.6648315
721,7.21,1.5614783,-1.2642165,-0.56474847,-3.7201693,-3.1294627,7.741495
722,7.22,1.9363501,-1.2119883,-0.16986385,-4.8502703,-3.581503,7.6181006
723,7.23,2.3671112,-0.9911164800000001,0.45541082499999996,-5.0805664,-3.6676349999999998,7.29189845
724,7.24,2.7978723,-0.77024466,1.0806855,-5.3108625,-3.753767,6.9656963
725,7.25,2.852541,-0.4737151,1.313028,-5.820324,-3.1312952,5.5093937
726,7.26,2.762890666666667,-0.4502042566666667,1.3919398666666667,-5.820324,-3.1312952,5.5093937
727,7.27,2.673240333333333,-0.4266934133333333,1.4708517333333333,-5.820324,-3.1312952,5.5093937
728,7.28,2.58359,-0.40318257,1.5497636,-5.820324,-3.1312952,5.5093937
729,7.29,2.58359,-0.40318257,1.5497636,-5.820324,-3.1312952,5.5093937
730,7.3,2.58359,-0.40318257,1.5497636,-5.820324,-3.1312952,5.5093937
731,7.31,2.58359,-0.40318257,1.5497636,-5.820324,-3.1312952,5.5093937
732,7.32,1.5624546,-0.49519217,1.5497636,-6.721961,0.017104227,2.1252003
733,7.33,1.42602655,-0.497144625,1.47715655,-6.4922757,-0.5189300364999999,1.4159857
734,7.34,1.2895985,-0.49909708,1.4045495,-6.2625904,-1.0549643,0.7067711
735,7.35,1.023088,-0.47981656,1.3049742,-6.2314363,-1.450805,0.52412236
736,7.36,0.959145,-0.51081183,1.32962395,-6.3099325,-1.67774145,0.26542093875
737,7.37,0.895202,-0.5418071,1.3542737,-6.3884287,-1.9046779,0.0067195175
738,7.38,0.788060885,-0.561941825,1.50595525,-6.35910735,-1.6917913,0.01924225375
739,7.39,0.68091977,-0.58207655,1.6576368,-6.329786,-1.4789047,0.03176499
740,7.4,0.66627631,-0.5608435549999999,1.7177969,-6.329786,-1.4789047,0.03176499
741,7.41,0.65163285,-0.53961056,1.777957,-6.329786,-1.4789047,0.03176499
742,7.42,0.6455314,-0.5442477,1.8833898,-7.230812,-1.3164146,-0.014660766
743,7.43,0.25150098499999995,-0.55620647,2.49646155,-7.320609,-0.6594290305,0.121562187
744,7.44,-0.14252943,-0.56816524,3.1095333,-7.410406,-0.002443461,0.25778514
745,7.45,-0.29323478000000003,-0.43966912,3.2613369,-7.0570205,0.29657508450000003,0.24984388500000002
746,7.46,-0.44394013,-0.311173,3.4131405,-6.703635,0.59559363,0.24190263
747,7.47,-1.9063311,0.7370529,3.256944,-5.4874024,1.2217305,0.08674286
748,7.48,-2.1757703,1.00539385,3.25560165,-5.0646837,0.8704829650000001,-0.003970630000000003
749,7.49,-2.4452095,1.2737348,3.2542593,-4.641965,0.51923543,-0.09468412
750,7.5,-2.80421775,1.52316135,3.32784255,-4.43701965,-0.604451135,-0.12278391999999999
751,7.51,-3.163226,1.7725879,3.4014258,-4.2320743,-1.7281377,-0.15088372
752,7.52,-3.3086839,1.7913802,4.372286,-5.009706,-4.742758,1.3274102
753,7.53,-2.10072265,1.5484212,5.694954,-4.4620652000000005,-4.405255,1.95263075
754,7.54,-0.8927614,1.3054622,7.017622,-3.9144244,-4.067752,2.5778513
755,7.55,0.4983649,1.0040516,7.5874953,-2.538145,-3.186884,2.4666739
756,7.56,0.5968826833333334,0.7291617566666666,7.350678533333333,-1.1095348666666667,-2.244318923333333,1.5377514666666667
757,7.57,0.6954004666666667,0.4542719133333333,7.113861766666666,0.31907526666666675,-1.3017538466666665,0.6088290333333333
758,7.58,0.79391825,0.17938207,6.877045,1.7476854,-0.35918877,-0.3200934
759,7.59,0.46688148,-0.02391761,6.1192474,4.0989056,4.2277985,-0.26450464
760,7.6,0.3669400475,-0.1394177075,5.41672865,4.29545155,4.879897124999999,-0.17654004750000002
761,7.61,0.266998615,-0.254917805,4.7142099,4.4919975,5.53199575,-0.088575455
762,7.62,0.12715382,-0.37651932750000006,3.795822425,4.850880825,6.432105625,0.16523904749999999
763,7.63,-0.012690975,-0.49812085000000006,2.87743495,5.20976415,7.3322155,0.41905355
764,7.64,-0.04600479,-0.516425125,2.5319719750000003,5.520847375,6.93209875,0.7849618249999999
765,7.65,-0.079318605,-0.5347294,2.186509,5.8319306,6.531982,1.1508701
766,7.66,0.16734191333333331,-0.6635102666666667,2.0406440666666668,6.249965966666666,5.967542533333334,1.2671381333333334
767,7.67,0.41400243166666667,-0.7922911333333333,1.8947791333333333,6.668001333333334,5.403103066666667,1.3834061666666666
768,7.68,0.66066295,-0.921072,1.7489142,7.0860367,4.8386636,1.4996742
769,7.69,1.0711672,-1.2310247,1.3567142,8.326704,3.84784,0.79045963
770,7.7,1.0711672,-1.2310247,1.3567142,8.44735,3.7830884,0.59162299
771,7.71,1.0711672,-1.2310247,1.3567142,8.567996,3.7183368,0.39278635
772,7.72,1.2258996,-1.4006445,1.0186949,8.693223,3.3793066,-0.47525316
773,7.73,1.1332798,-1.4348125500000002,0.92888185,8.491943,2.9568932500000003,-1.06443273
774,7.74,1.04066,-1.4689806,0.8390688,8.290663,2.5344799,-1.6536123
775,7.75,0.8690878,-1.3413386,0.6726217,8.290663,2.5344799,-1.6536123
776,7.76,0.8802331,-1.3020454000000001,0.7448626766666666,7.466198666666667,2.279545466666667,-1.7140879
777,7.77,0.8913784,-1.2627522,0.8171036533333333,6.641734333333333,2.024611033333333,-1.7745635
778,7.78,0.9025237,-1.223459,0.88934463,5.81727,1.7696766,-1.8350391
779,7.79,1.5309712,-1.0426126,0.9959976,4.097684,2.7354546,-2.0182989
780,7.8,1.60797115,-1.0312639,0.95182325,4.097684,2.7354546,-2.0182989
781,7.81,1.6849711,-1.0199152,0.9076489,4.097684,2.7354546,-2.0182989
782,7.82,1.5109584,-0.9366917,1.0431006,2.0677788,3.2143729,-2.1991148
783,7.83,1.54036735,-0.93290883,1.0822718,1.6316210500000001,3.4480288,-1.94194055
784,7.84,1.5697763,-0.92912596,1.121443,1.1954633,3.6816847,-1.6847663
785,7.85,1.615415,-0.97208,1.2034464,0.9578367,4.332867,-1.3866642
786,7.86,1.6378682333333334,-1.0321181,1.2217506666666667,2.1125755666666666,5.1728068,-1.4909185
787,7.87,1.6603214666666666,-1.0921562,1.2400549333333333,3.2673144333333335,6.0127466,-1.5951728
788,7.88,1.6827747,-1.1521943,1.2583592,4.4220533,6.8526864,-1.6994271
789,7.89,1.410895,-1.377215,-1.7162106,8.605869,4.6266932,-2.6615398
790,7.9,1.410895,-1.377215,-1.7162106,9.415571,3.6086863,-3.2009338
791,7.91,1.410895,-1.377215,-1.7162106,10.225273,2.5906794,-3.7403278
792,7.92,-1.2935034,-1.6420171,-6.4052825,6.8007627,-1.4306464,-4.4208317
793,7.93,-1.77624865,-1.5990631,-6.7797885,6.8007627,-1.4306464,-4.4208317
794,7.94,-2.2589939,-1.5561091,-7.1542945,6.8007627,-1.4306464,-4.4208317
795,7.95,-2.7534537,-1.4396937,-6.163666,-3.0769281,0.27305678,-0.13194689
796,7.96,-1.9441599233333333,-1.3541109666666666,-4.8898498,-3.8506908,0.9366600866666666,0.9948958733333333
797,7.97,-1.1348661466666667,-1.2685282333333334,-3.6160336,-4.6244535,1.600263393333333,2.1217386366666666
798,7.98,-0.32557237,-1.1829455,-2.3422174,-5.3982162,2.2638667,3.2485814
799,7.99,0.32850105,-0.7470592,-1.666667,-3.9596286,1.78617,2.8319712
800,8.0,0.26138531,-0.64333488,-1.6916828,-3.38602615,1.4080444,2.54333735
801,8.01,0.19426957,-0.53961056,-1.7166986,-2.8124237,1.0299188,2.2547035
802,8.02,-0.35290676,-0.4036707,-2.3985946,-0.77396625,-1.1142182,2.05434
803,8.03,-0.31031878,-0.41648371500000003,-2.48120795,-0.912632675,-1.4770721500000001,2.5369235
804,8.04,-0.2677308,-0.42929673,-2.5638213,-1.0512991,-1.8399261,3.019507
805,8.05,0.36096066,-0.5422952,-2.1801634,-1.3878858,-2.1184807,3.3573153
806,8.06,0.4981208233333333,-0.5828087,-1.9760502,-1.8120299,-2.4072163333333334,3.7283140666666665
807,8.07,0.6352809866666667,-0.6233222,-1.771937,-2.236174,-2.6959519666666667,4.099312833333333
808,8.08,0.77244115,-0.6638357,-1.5678238,-2.6603181,-2.9846876,4.4703116
809,8.09,0.77244115,-0.6638357,-1.5678238,-2.6603181,-2.9846876,4.4703116
810,8.1,1.123273475,-0.7570656,-1.3162007500000001,-3.1636711,-3.52285995,4.1208968
811,8.11,1.4741058,-0.8502955,-1.0645777,-3.6670241,-4.0610323,3.771482
812,8.12,2.0842488,-1.1656175,-0.033923957,-5.000543,-7.288844,2.7189612
813,8.13,2.0788796,-1.3542737,0.81295466,-5.000543,-7.288844,2.7189612
814,8.14,2.1047497,-1.38380465,0.9962416300000001,-5.12577025,-7.796473000000001,2.7687467
815,8.15,2.1306198,-1.4133356,1.1795286,-5.2509975,-8.304102,2.8185322
816,8.16,2.1801634,-1.291551,1.5441502,-5.1245484,-8.036543,2.9798007
817,8.17,2.2131112,-1.2511595,1.5482992,-4.8872272,-6.937291,2.9846875500000003
818,8.18,2.246059,-1.210768,1.5524482,-4.649906,-5.838039,2.9895744
819,8.19,2.1738179,-1.17306115,1.5423198,-4.664567,-5.46235685,2.8771752
820,8.2,2.1015768,-1.1353543,1.5321914,-4.679228,-5.0866747,2.764776
821,8.21,2.0115198000000003,-1.12241925,1.5569632,-4.8172835,-4.37257335,2.1813997499999997
822,8.22,1.9214628,-1.1094842,1.581735,-4.955339,-3.658472,1.5980235
823,8.23,1.25299,-1.0418804,1.5739251,-4.8081203,-3.657861,1.3054191
824,8.24,1.25299,-1.0418804,1.5739251,-4.8081203,-3.657861,1.3054191
825,8.25,1.25299,-1.0418804,1.5739251,-4.8081203,-3.657861,1.3054191
826,8.26,1.1545535666666666,-0.9634566666666666,1.5596071333333335,-4.945157733333333,-3.435913333333333,1.3683382
827,8.27,1.0561171333333335,-0.8850329333333333,1.5452891666666666,-5.082195166666667,-3.2139656666666667,1.4312573
828,8.28,0.9576807,-0.8066092,1.5309712,-5.2192326,-2.992018,1.4941764
829,8.29,0.7070338,-0.5696296,1.6398207,-5.1893,-1.7165314,1.3811663
830,8.3,0.6582223700000001,-0.503612125,1.64152905,-5.1893,-1.7165314,1.3811663
831,8.31,0.60941094,-0.43759465,1.6432374,-5.1893,-1.7165314,1.3811663
832,8.32,0.45980385,-0.14545812,1.8714309,-5.3059754,-1.2504412,1.409877
833,8.33,0.45724125000000004,0.14301755000000002,2.1148780499999997,-5.26840735,-1.2870930999999999,1.3961325
834,8.34,0.45467865,0.43149322,2.3583252,-5.2308393,-1.323745,1.382388
835,8.35,0.38146147,0.60770255,2.5135455,-5.007262,-1.2186762,0.89858276
836,8.36,0.07167146666666668,0.7740682333333333,2.7429593333333333,-5.082398566666667,-1.2612331333333333,0.5198463133333333
837,8.37,-0.23811853666666666,0.9404339166666666,2.972373166666667,-5.157535133333333,-1.3037900666666666,0.1411098666666667
838,8.38,-0.54790854,1.1067996,3.201787,-5.2326717,-1.346347,-0.23762658
839,8.39,-1.177088,0.9408407,3.7623863,-6.668816,-2.0702224,-0.37812558
840,8.4,-1.2814225499999998,0.8230830499999999,4.022307400000001,-6.668816,-2.0702224,-0.37812558
841,8.41,-1.3857571,0.7053254,4.2822285,-6.668816,-2.0702224,-0.37812558
842,8.42,-0.83028275,-0.16522676,7.4110427,-7.715839,-2.5870142,0.5864306
843,8.43,-0.374017728,-0.26065314,7.700006350000001,-4.8224757,-2.24156995,1.2183707
844,8.44,0.082247294,-0.35607952,7.98897,-1.9291124,-1.8961257,1.8503108
845,8.45,0.235515257,-0.294577095,7.98897,-0.4260785,-1.69362385,1.7828102000000001
846,8.46,0.38878322,-0.23307467,7.98897,1.0769554,-1.491122,1.7153096
847,8.47,0.89861881,0.036730614999999994,7.4100660000000005,3.5393532,0.08765919999999983,1.3112222500000001
848,8.48,1.4084544,0.3065359,6.831162,6.001751,1.6664404,0.9071349
849,8.49,1.325719,0.50641876,3.8099775,6.6486573,4.3230934,-0.07880162
850,8.5,1.1637870000000001,0.47871828,3.43388545,6.65995835,4.82003235,-0.31490106
851,8.51,1.001855,0.4510178,3.0577934,6.6712594,5.3169713,-0.5510005
852,8.52,0.73290396,0.36022848,2.5508864,6.219219,6.152024,-0.97433007
853,8.53,0.624176415,0.13227902000000002,2.0955975000000002,6.149274999999999,6.173099000000001,-0.956004115
854,8.54,0.51544887,-0.09567044,1.6403086,6.079331,6.194174,-0.93767816
855,8.55,0.5723142349999999,-0.098965213,1.63310895,6.077804,6.079942,-0.9022479800000001
856,8.56,0.6291796,-0.102259986,1.6259093,6.076277,5.96571,-0.8668178
857,8.57,1.1325477,-0.168155433,1.7507447,6.4693685,5.539326,-1.0509936500000001
858,8.58,1.6359158,-0.23405088,1.8755801,6.86246,5.112942,-1.2351695
859,8.59,2.3763855,-0.66139513,1.7440331,8.431773,4.415334,-3.255301
860,8.6,2.42019375,-0.808805735,1.6822865999999999,8.431773,4.415334,-3.255301
861,8.61,2.464002,-0.95621634,1.6205401,8.431773,4.415334,-3.255301
862,8.62,1.7335385,-1.4987555,0.6655441,9.324247,3.7598755,-5.6627207
863,8.63,1.2954558,-1.3855129499999999,0.47835220999999994,8.0154682,3.2974505,-5.643173
864,8.64,0.8573731,-1.2722704,0.29116032,6.7066894,2.8350255,-5.6236253
865,8.65,0.8573731,-1.2722704,0.29116032,6.7066894,2.8350255,-5.6236253
866,8.66,0.99355704,-0.912286,0.9647583,4.243681,3.43123,-4.274835
867,8.67,1.27105012,-0.927661575,1.23346535,3.4342844999999995,4.48314,-3.9440515000000005
868,8.68,1.5485432,-0.94303715,1.5021724,2.624888,5.53505,-3.613268
869,8.69,1.58063675,-0.968419125,1.6107779,2.6963592,5.79436235,-3.669773
870,8.7,1.6127303,-0.9938011,1.7193834,2.7678304,6.0536747,-3.726278
871,8.71,1.1878266,-1.1355984,1.657881,4.1037927,5.8178806,-3.5833356
872,8.72,1.1006982,-1.1298629999999998,1.57441335,4.35791255,5.4901513,-3.4669657999999997
873,8.73,1.0135698,-1.1241276,1.4909457,4.6120324,5.162422,-3.350596
874,8.74,0.9088692,-0.98428285,0.6999562,5.2051826,3.5216382,-2.7104092
875,8.75,1.0534731000000002,-0.964270175,0.5446137600000001,5.1966304999999995,3.1658092,-2.6484063
876,8.76,1.198077,-0.9442575,0.38927132,5.1880784,2.8099802,-2.5864034
877,8.77,1.2127205,-0.916679,0.23063410499999998,4.8514917,2.6923886,-2.8020388
878,8.78,1.227364,-0.8891005,0.07199689,4.514905,2.574797,-3.0176742
879,8.79,0.31361356,-1.104359,-0.87201655,2.4819455,3.2809572,-3.150843
880,8.8,0.210621407,-1.1647631999999999,-0.9985601749999999,2.2058344,3.3414329,-2.742785
881,8.81,0.107629254,-1.2251674,-1.1251038,1.9297233,3.4019086,-2.334727
882,8.82,0.12861817,-1.3061944,-1.9519699,1.5961909,3.1612277,-1.8729129
883,8.83,0.17987018999999999,-1.4597064,-2.2708306499999997,1.40346295,3.32768845,-1.34390358
884,8.84,0.23112221,-1.6132184,-2.5896914,1.210735,3.4941492,-0.81489426
885,8.85,0.14301755,-1.4853324,-2.9228296,1.8209893,2.8973339,-0.20891592
886,8.86,-0.0040676166666666624,-1.4894,-3.2161051333333335,1.8914424,2.7087801666666667,0.13601932000000003
887,8.87,-0.15115278333333332,-1.4934676,-3.5093806666666665,1.9618955,2.5202264333333333,0.48095456000000003
888,8.88,-0.29823795,-1.4975352,-3.8026562,2.0323486,2.3316727,0.8258898
889,8.89,-0.3018988,-1.3079028,-4.1594677,1.0134255,1.1325442,1.527774
890,8.9,-0.30311909000000004,-1.28508345,-3.7931376500000002,-0.15424344999999984,0.594982767,1.98683925
891,8.91,-0.30433938,-1.2622641,-3.4268076,-1.3219124,0.057421334,2.4459045
892,8.92,-0.30433938,-1.2622641,-3.4268076,-1.3219124,0.057421334,2.4459045
893,8.93,-0.34241231,-1.24420385,-3.1749407,-1.5653422,-0.012217305500000004,2.66551055
894,8.94,-0.38048524,-1.2261436,-2.9230738,-1.808772,-0.081855945,2.8851166
895,8.95,-0.25503982000000003,-1.17001045,-2.2115248000000003,-1.7256943,-0.7464773225,3.4776558
896,8.96,-0.1295944,-1.1138773,-1.4999758,-1.6426166,-1.4110987,4.070195
897,8.97,0.07455949,-1.0758043499999999,-1.48399005,-1.26265843,-2.4859161499999995,4.565606750000001
898,8.98,0.27871338,-1.0377314,-1.4680043,-0.88270026,-3.5607336,5.0610185
899,8.99,0.50715095,-0.99233675,-1.4538491,-1.8099937,-4.81484,5.7952785
900,9.0,0.50715095,-0.99233675,-1.4538491,-2.41719375,-5.1053065,5.9962532500000005
901,9.01,0.50715095,-0.99233675,-1.4538491,-3.0243938,-5.395773,6.197228
902,9.02,1.5468348,-1.1304731,-0.7158199,-3.749491,-5.577811,6.278473
903,9.03,1.7076685500000002,-1.11277895,-0.56840931,-4.29163375,-5.64317335,6.1828725
904,9.04,1.8685023,-1.0950848,-0.42099872,-4.8337765,-5.7085357,6.087272
905,9.05,2.1253725,-1.08629875,-0.1952457815,-5.532606400000001,-5.62148735,5.777869
906,9.06,2.3822427,-1.0775127,0.030507157,-6.2314363,-5.534439,5.468466
907,9.07,2.44276895,-1.12730035,0.5045883785,-7.03014265,-4.7955974999999995,4.98160635
908,9.08,2.5032952,-1.177088,0.9786696,-7.828849,-4.056756,4.4947467
909,9.09,2.42056,-1.2549424,1.6254213,-8.21064,-2.977968,3.2473598
910,9.1,2.2441065,-1.2494511,1.77356405,-7.954992799999999,-2.6169467,2.37687675
911,9.11,2.067653,-1.2439598,1.9217068,-7.6993456,-2.2559254,1.5063937
912,9.12,1.862889,-1.2034464,2.0615516,-7.2045445,-2.2455406,0.9810496
913,9.13,1.6361598000000002,-1.1552449999999999,2.1075562999999997,-7.2045445,-2.2455406,0.9810496
914,9.14,1.4094306,-1.1070436,2.153561,-7.2045445,-2.2455406,0.9810496
915,9.15,1.25518645,-1.0307757499999999,2.06252765,-6.29466075,-2.6212227500000003,0.529620175
916,9.16,1.1009423,-0.9545079,1.9714943,-5.384777,-2.9969049,0.07819075
917,9.17,1.1009423,-0.9545079,1.9714943,-4.6773953,-4.422664,-0.0580322
918,9.18,0.8729928,-0.8688438,1.7081566000000001,-4.781242349999999,-4.449847500000001,0.041538835
919,9.19,0.6450433,-0.7831797,1.4448189,-4.8850894,-4.477031,0.14110987
920,9.2,0.5264315,-0.7597502,1.5470788,-5.353012,-3.7085629,0.6365216
921,9.21,0.462244435,-0.66237135,1.75501565,-5.5939985,-2.80081715,0.83932885
922,9.22,0.39805737,-0.5649925,1.9629525,-5.834985,-1.8930714,1.0421361
923,9.23,0.33814132,-0.51191005,2.02604125,-5.6758545,-1.636508,0.9685268499999999
924,9.24,0.27822527,-0.4588276,2.08913,-5.516724,-1.3799446,0.8949176
925,9.25,-0.08127106,-0.14643435,2.2951143,-5.2161784,-1.6261233,0.8020661
926,9.26,-0.19443226333333335,-0.026683586666666648,2.3428682,-5.161811266666667,-2.392148333333333,0.6717481666666667
927,9.27,-0.30759346666666665,0.0930671766666667,2.3906221,-5.107444133333334,-3.1581733666666665,0.5414302333333334
928,9.28,-0.42075467,0.21281794,2.438376,-5.053077,-3.9241984,0.4111123
929,9.29,-0.950359,0.21769907,3.4014258,-6.037792,-3.9461894,0.3036
930,9.3,-0.909601425,-0.016473865000000004,4.0791729,-6.781826,-3.6294558,0.51343223
931,9.31,-0.86884385,-0.2506468,4.75692,-7.52586,-3.3127222,0.72326446
932,9.32,-0.827232075,-0.3985455,5.335213749999999,-7.37680875,-3.2522465,0.8115344950000001
933,9.33,-0.7856203,-0.5464442,5.9135075,-7.2277575,-3.1917708,0.89980453
934,9.34,-0.7856203,-0.5464442,5.9135075,-7.2277575,-3.1917708,0.89980453
935,9.35,-0.85041748,-0.6743302,6.95123875,-4.6239444,-3.0708195,1.286176765
936,9.36,-0.91521466,-0.8022162,7.98897,-2.0201313,-2.9498682,1.672549
937,9.37,-0.31739644999999994,-0.355469395,7.396399000000001,0.8735373499999999,-2.07449835,2.2696697500000003
938,9.38,0.28042176,0.09127741,6.803828,3.767206,-1.1991285,2.8667905
939,9.39,1.1504859,0.64992446,5.320692,5.2290063,2.823419,1.930945
940,9.4,1.10008805,0.69470898,4.4724710000000005,5.2977288,3.8551705,1.413847575
941,9.41,1.0496902,0.7394935,3.62425,5.3664513,4.886922,0.89675015
942,9.42,0.9831846,0.67811308,3.37299315,5.37989015,5.2812355,0.6789767
943,9.43,0.916679,0.61673266,3.1217363,5.393329,5.675549,0.46120325
944,9.44,0.7726852,0.31873876,2.4610732,5.448918,6.470896,-0.25167647
945,9.45,0.77109885,0.127153825,2.2563093,5.488929499999999,6.4617327499999995,-0.313984735
946,9.46,0.7695125,-0.06443111,2.0515454,5.528941,6.4525695,-0.376293
947,9.47,0.92058395,-0.451139825,1.8455610500000001,6.059477749999999,5.91409175,-0.525955
948,9.48,1.0716554,-0.83784854,1.6395767,6.5900145,5.375614,-0.675617
949,9.49,1.1236396000000002,-0.9077709700000001,1.5453706,6.7253211,5.289176599999999,-0.7348709200000001
950,9.5,1.1756238,-0.9776934,1.4511645,6.8606277,5.2027392,-0.79412484
951,9.51,1.23078065,-1.0753163000000001,1.28581565,7.00082115,4.84416125,-1.1740829700000002
952,9.52,1.2859375,-1.1729392,1.1204668,7.1410146,4.4855833,-1.5540411
953,9.53,1.28227665,-1.2536000999999999,1.0794652,6.95317365,4.19420065,-1.7654005000000002
954,9.54,1.2786158,-1.334261,1.0384636,6.7653327,3.902818,-1.9767599
955,9.55,1.2517696,-1.34146065,1.08276,6.72012855,3.8994583,-1.97981425
956,9.56,1.2249234,-1.3486603,1.1270564,6.6749244,3.8960986,-1.9828686
957,9.57,1.3798997,-1.3133940499999999,1.1176602,6.6556822,4.1242567999999995,-1.87199655
958,9.58,1.534876,-1.2781278,1.108264,6.63644,4.352415,-1.7611245
959,9.59,1.58234515,-1.24212935,1.0849565499999998,6.6000935,4.195422499999999,-1.9553796499999998
960,9.6,1.6298143,-1.2061309,1.0616491,6.563747,4.03843,-2.1496348
961,9.61,1.5138872,-1.0904478,0.97696114,6.395759,3.7861428,-2.4367414
962,9.62,1.4716653000000002,-1.0662861000000001,0.95755857,6.205474499999999,3.64686545,-2.6013697000000002
963,9.63,1.4294434,-1.0421244,0.938156,6.01519,3.5075881,-2.765998
964,9.64,1.2690977,-0.98403883,0.7995315,5.4611354,3.7329974,-2.7806585
965,9.65,1.21931005,-0.9697614649999999,0.751330215,5.294063700000001,3.9434404499999998,-2.54975155
966,9.66,1.1695224,-0.9554841,0.70312893,5.126992,4.1538835,-2.3188446
967,9.67,0.99038435,-0.95060298,0.226607155,5.0750683500000004,4.05492345,-2.3313673
968,9.68,0.8112463,-0.94572186,-0.24991462,5.0231447,3.9559634,-2.34389
969,9.69,0.8112463,-0.94572186,-0.24991462,5.0032916,3.7644571,-2.4190264
970,9.7,0.52301466,-1.1819692,-1.4999758,4.7659707,2.411696,-2.5619688
971,9.71,0.019524554999999943,-1.2561626499999998,-2.3710161000000003,4.2161919999999995,1.89001705,-2.56257965
972,9.72,-0.48396555,-1.3303561,-3.2420564,3.6664133,1.3683381,-2.5631905
973,9.73,-0.5987538,-1.3554939666666665,-3.3051045,3.274645,1.3316861999999998,-2.4487551333333335
974,9.74,-0.71354205,-1.3806318333333334,-3.3681526,2.8828766999999997,1.2950343,-2.334319766666667
975,9.75,-0.8283303,-1.4057697,-3.4312007,2.4911084,1.2583824,-2.2198844
976,9.76,-0.97427654,-1.4250503,-3.426564,0.50885075,1.6670512,-0.89675015
977,9.77,-0.56023342,-1.57892845,-3.286597,0.50885075,1.6670512,-0.89675015
978,9.78,-0.1461903,-1.7328066,-3.14663,0.50885075,1.6670512,-0.89675015
979,9.79,-0.29726173499999997,-1.6677653000000001,-3.1507791000000003,-0.056199624999999975,1.2186761499999998,-0.0033597250000000356
980,9.8,-0.44833317,-1.602724,-3.1549282,-0.62125,0.7703011,0.8900307
981,9.81,-0.7512082,-1.3764828,-2.8669405,-0.5729916,0.34269542,1.105666
982,9.82,-0.788671,-1.35744635,-2.7107438999999998,-0.43737952,-0.38759398999999994,1.6148221999999999
983,9.83,-0.8261338,-1.3384099,-2.5545473,-0.30176744,-1.1178834,2.1239784
984,9.84,-0.41074833,-1.2051547,-2.4286137,-0.28344148,-1.6963727,2.7763824
985,9.85,-0.41074833,-1.2051547,-2.4286137,-0.28344148,-1.6963727,2.7763824
986,9.86,-0.41074833,-1.2051547,-2.4286137,-0.28344148,-1.6963727,2.7763824
987,9.87,-0.09823303,-1.13816095,-2.22629025,-1.15575704,-3.0668488500000004,4.0717222
988,9.88,0.21428227,-1.0711672,-2.0239668,-2.0280726,-4.437325,5.367062
989,9.89,0.603919655,-1.023820115,-1.45543543,-2.5622742,-4.693277500000001,5.7647355000000005
990,9.9,0.99355704,-0.97647303,-0.88690406,-3.0964758,-4.94923,6.162409
991,9.91,1.9251237,-0.9967298,-0.4617563,-4.4128904,-4.923574,6.5985665
992,9.92,2.2194567,-0.92888192,-0.10006347999999998,-4.66639945,-4.898834000000001,6.4256916
993,9.93,2.5137897,-0.86103404,0.26162934,-4.9199085,-4.874094,6.2528167
994,9.94,2.7693176,-0.7975791,0.80246025,-6.277862,-4.319428,5.0616293
995,9.95,2.7693176,-0.7975791,0.80246025,-6.277862,-4.319428,5.0616293
996,9.96,2.7693176,-0.7975791,0.80246025,-6.277862,-4.319428,5.0616293
997,9.97,2.5416122999999997,-0.8168596,1.153170475,-6.73814915,-3.4452798500000004,4.3496659
998,9.98,2.313907,-0.8361401,1.5038807,-7.1984363,-2.5711317,3.6377025
