id,timestamp,id,acc_x,acc_y,acc_z,gyro_x,gyro_y,gyro_z
0,1778416052540,0.0,-0.19732858,0.36514327,0.26916206,-0.3315471,-0.16615535,0.28512135
1,1778416052550,1.0,-0.17683959,0.37532678,0.2704426,-0.50701815,-1.2263119,0.95096445
2,1778416052560,2.0,-0.17683959,0.37532678,0.2704426,-0.50701815,-1.2263119,0.95096445
3,1778416052570,3.0,-0.17683959,0.37532678,0.2704426,-0.50701815,-1.2263119,0.95096445
4,1778416052580,4.0,-0.17683959,0.37532678,0.2704426,-0.50701815,-1.2263119,0.95096445
5,1778416052590,5.0,0.22293983,0.44325754,0.5253965,-0.6927212,-2.5001187,1.3217597
6,1778416052600,6.0,0.27733323,0.42484185,0.59338826,-0.6177375,-2.4883597,1.2867876
7,1778416052610,7.0,0.27733323,0.42484185,0.59338826,-0.6177375,-2.4883597,1.2867876
8,1778416052620,8.0,0.27733323,0.42484185,0.59338826,-0.6177375,-2.4883597,1.2867876
9,1778416052630,9.0,0.43246427,0.3047739,0.5721066,-0.39690968,-2.3365595,1.0829114
10,1778416052640,10.0,0.5432024,0.11909231,0.3904496,-0.39690968,-2.3365595,1.0829114
11,1778416052650,11.0,0.44606262,0.29873693,0.74236035,-0.82848597,-2.6658158,1.3106114
12,1778416052660,12.0,0.6039377,0.31776243,0.55344695,-1.1339186,-2.3553436,1.3997977
13,1778416052670,13.0,0.6812593,0.22836697,0.7293108,-1.2901474,-2.0372355,1.4801265
14,1778416052680,14.0,0.8251701,0.11756783,0.7031508,-1.4856243,-1.587486,1.4424056
15,1778416052690,15.0,0.96286106,0.021403689,0.6973577,-1.717753,-1.29198,1.3399329
16,1778416052700,16.0,1.027255,-0.06140602,0.7438239,-1.930945,-1.1267409,1.4034629
17,1778416052710,17.0,0.97603256,-0.109640546,0.7583979,-2.0103576,-0.9984592,1.3909402
18,1778416052720,18.0,0.9565802,-0.17403455,0.69857734,-2.0442605,-0.9103419,1.2263119
19,1778416052730,19.0,0.9565802,-0.17403455,0.69857734,-2.0442605,-0.9103419,1.2263119
20,1778416052740,20.0,0.96353185,-0.34532502,0.60668176,-1.6936239,-1.0957395,0.4810564
21,1778416052750,21.0,0.9296274,-0.3989867,0.57552135,-1.3435981,-1.1038336,-0.058490347
22,1778416052760,22.0,0.9370059,-0.5142373,0.4540509,-1.1090258,-1.3863586,-0.4454735
23,1778416052770,23.0,0.9186512,-0.59729093,0.60930383,-1.128879,-1.7142406,-0.54718256
24,1778416052780,24.0,0.9491408,-0.6861986,0.7780332,-1.420109,-1.8393153,-0.474795
25,1778416052790,25.0,0.97036153,-0.67522234,0.91456556,-1.8839084,-1.7463111,-0.33169982
26,1778416052800,26.0,1.0322554,-0.6629045,1.0042659,-2.3113613,-1.5534303,-0.25488353
27,1778416052810,27.0,1.0495734,-0.6302197,1.033231,-2.495079,-1.4220943,-0.25167647
28,1778416052820,28.0,1.0497563,-0.58546096,0.9662759,-2.6627617,-1.3874277,-0.31230485
29,1778416052830,29.0,1.0817095,-0.52875036,0.8130962,-2.6896396,-1.8203784,-0.43264532
30,1778416052840,30.0,1.0975031,-0.44331855,0.9093213,-2.7458394,-2.5231788,-0.5468771
31,1778416052850,31.0,1.1909232,-0.4042919,1.2132416,-3.0314188,-3.0234776,-0.5484043
32,1778416052860,32.0,1.2144611,-0.33800754,1.4778911,-3.4162638,-3.0502028,-0.44058657
33,1778416052870,33.0,1.2369624,-0.27465016,1.7337596,-3.6783252,-2.8220446,-0.33368513
34,1778416052880,34.0,1.2635493,-0.17580293,1.9300517,-3.8582249,-2.2770002,-0.2012801
35,1778416052890,35.0,1.238121,-0.042075627,1.7688228,-3.8038578,-1.9046779,-0.075289145
36,1778416052900,36.0,1.1756175,0.072443254,1.7075387,-3.6344955,-1.9285016,0.0
37,1778416052910,37.0,1.1017716,0.25178298,1.6819273,-3.3238704,-2.2304218,0.07360926
38,1778416052920,38.0,1.0487198,0.3781928,1.7280887,-2.93704,-2.5980098,0.14996742
39,1778416052930,39.0,1.0165228,0.48911393,1.8647429,-2.5308146,-2.8183796,0.27931812
40,1778416052940,40.0,1.0001193,0.59649825,1.9157825,-1.979967,-2.840676,0.40790528
41,1778416052950,41.0,0.9195659,0.708212,1.9659075,-1.59558,-2.7076602,0.4335616
42,1778416052960,42.0,0.83260953,0.8048031,1.9739566,-1.1940888,-2.3903158,0.3726278
43,1778416052970,43.0,0.7704108,0.8698678,1.8108373,-0.8491027,-2.0195205,0.19715676
44,1778416052980,44.0,0.67631996,0.9471894,1.6895498,-0.593761,-1.7519615,0.10323623
45,1778416052990,45.0,0.55326396,0.97822785,1.5468585,-0.45906523,-1.4234687,0.031306844
46,1778416053000,46.0,0.43709868,0.9683492,1.4242904,-0.47662762,-1.0784826,0.016035212
47,1778416053010,47.0,0.33587328,0.9462137,1.29099,-0.50701815,-0.8877399,0.012980887
48,1778416053020,48.0,0.2315379,0.91718763,1.1145163,-0.52106804,-0.5945246,0.020922136
49,1778416053030,,,,,,,
50,1778416053040,49.0,0.14659391,0.8993208,0.91499245,-0.48472157,-0.45845437,0.05497787
51,1778416053050,50.0,0.11079915,0.92932254,0.77583796,-0.3417791,-0.5111415,0.069485925
52,1778416053060,51.0,0.061223082,1.0317065,0.76522756,-0.11102476,-0.45204028,-0.056352317
53,1778416053070,52.0,0.02268425,1.0833559,0.7416896,0.051465396,-0.24083363,-0.30848694
54,1778416053080,53.0,0.027806502,1.100613,0.86267227,0.0364992,0.26221392,-0.5279403
55,1778416053090,54.0,-0.032745812,1.1081134,0.66296554,-0.035124753,1.1249083,-0.8013025
56,1778416053100,55.0,-0.032745812,1.1081134,0.66296554,-0.035124753,1.1249083,-0.8013025
57,1778416053110,56.0,0.024391668,1.0906734,0.5139934,0.25625798,1.676825,-1.0871874
58,1778416053120,57.0,0.024391668,1.0906734,0.5139934,0.25625798,1.676825,-1.0871874
59,1778416053130,58.0,0.07695571,1.0496954,0.51063955,0.57711494,1.7835737,-1.2237158
60,1778416053140,59.0,0.22403745,0.8560255,0.4776498,1.5502232,2.1013765,-1.3822353
61,1778416053150,60.0,0.22403745,0.8560255,0.4776498,2.0237966,2.1772764,-1.3758212
62,1778416053160,61.0,0.4170975,0.8383416,0.49258974,2.5244007,2.2021692,-1.4285084
63,1778416053170,62.0,0.5519834,0.9260297,0.5251526,3.0483704,2.065488,-1.609019
64,1778416053180,63.0,0.5519834,0.9260297,0.5251526,3.0483704,2.065488,-1.609019
65,1778416053190,64.0,0.66845363,1.0532322,0.5638134,3.8006508,1.4822645,-2.0958786
66,1778416053200,65.0,0.96725154,1.2741597,0.74187255,4.037361,0.77534074,-2.3892467
67,1778416053210,66.0,1.0912222,1.3505666,1.0053635,4.078289,0.17913623,-2.6829202
68,1778416053220,67.0,1.0912222,1.3505666,1.0053635,4.0231586,-0.25717425,-2.9631546
69,1778416053230,68.0,1.5002705,1.2876971,1.4222782,4.0231586,-0.25717425,-2.9631546
70,1778416053240,69.0,2.2601318,1.1345785,2.1859813,3.726736,-0.13026701,-3.0836477
71,1778416053250,70.0,2.3629427,1.1353102,2.362638,3.437186,0.1282817,-3.1977267
72,1778416053260,71.0,2.3629427,1.1353102,2.362638,3.437186,0.1282817,-3.1977267
73,1778416053270,72.0,2.5083172,0.92779803,2.466973,2.3231206,0.7974846,-3.6456437
74,1778416053280,73.0,2.5173419,0.6338175,2.4521554,1.8614591,1.1665999,-3.7995818
75,1778416053290,74.0,2.5173419,0.6338175,2.4521554,1.8614591,1.1665999,-3.7995818
76,1778416053300,75.0,2.271535,0.01762298,2.0370092,1.5609134,2.0005836,-3.6522105
77,1778416053310,76.0,2.0767064,-0.18665724,1.6969892,1.5609134,2.0005836,-3.6522105
78,1778416053320,77.0,2.0767064,-0.18665724,1.6969892,1.6233743,2.2162192,-3.2438471
79,1778416053330,78.0,1.8893176,-0.34995946,1.3577012,1.6233743,2.2162192,-3.2438471
80,1778416053340,79.0,1.381605,-0.7812651,0.67339295,1.5601498,1.9682078,-2.7345383
81,1778416053350,80.0,1.0971981,-0.9009672,0.4056944,1.3901765,1.7461584,-2.378404
82,1778416053360,81.0,0.90365034,-1.015669,0.25531977,1.148274,1.464244,-1.9089539
83,1778416053370,82.0,0.7048582,-1.071343,0.12067777,0.9231701,1.2412782,-1.4750868
84,1778416053380,83.0,0.5895466,-1.0910393,-0.014452063,0.7272351,0.9482156,-0.88499105
85,1778416053390,84.0,0.53673863,-1.0858561,-0.13592257,0.6826419,0.66507953,-0.44700065
86,1778416053400,85.0,0.5128348,-1.071404,-0.24050182,0.7473936,0.3031419,-0.0664316
87,1778416053410,86.0,0.4941142,-1.0818313,-0.357094,0.9579894,-0.21288654,0.31245756
88,1778416053420,87.0,0.46417344,-1.1064061,-0.4764912,1.2258538,-0.8126035,0.6404922
89,1778416053430,88.0,0.42923236,-1.0953078,-0.54551965,1.420109,-1.4924965,0.9398162
90,1778416053440,89.0,0.40118194,-1.0708551,-0.5144203,1.4321736,-2.1558962,1.2067643
91,1778416053450,90.0,0.39465716,-1.0418291,-0.3749609,1.3029755,-2.6555839,1.4349225
92,1778416053460,91.0,0.41935372,-1.0596349,-0.22854991,1.1746938,-2.86114,1.5900823
93,1778416053470,92.0,0.45838037,-1.0987227,-0.02414775,0.9984592,-2.804635,1.7655532
94,1778416053480,93.0,0.4853332,-1.1287243,0.10049367,0.7791586,-2.410169,1.916437
95,1778416053490,94.0,0.509359,-1.1895816,0.15378946,0.48258355,-1.866957,2.0303633
96,1778416053500,95.0,0.5154569,-1.2447067,0.131715,0.20250183,-1.3805555,2.1183279
97,1778416053510,96.0,0.550337,-1.3311752,0.040124293,-0.19624045,-0.82359904,2.316401
98,1778416053520,97.0,0.6074135,-1.4304492,-0.09226148,-0.5183192,-0.5141958,2.563496
99,1778416053530,98.0,0.65003794,-1.4881966,-0.20976834,-0.8730792,-0.27687466,2.9675834
100,1778416053540,99.0,0.75254387,-1.4945993,-0.44215995,-1.1418599,-0.31749722,3.4130569
101,1778416053550,100.0,0.9580437,-1.3886176,-0.51948154,-1.3471106,-0.6769914,3.7291796
102,1778416053560,101.0,1.1373224,-1.3019662,-0.48807728,-1.4944818,-1.0186177,3.864639
103,1778416053570,102.0,1.4720371,-1.1426277,-0.3939864,-1.7249308,-1.6878207,4.023922
104,1778416053580,103.0,1.9721272,-1.0618303,-0.23726994,-2.0143282,-2.8053987,4.3689084
105,1778416053590,104.0,2.4895966,-1.0953687,0.01103723,-2.4196372,-3.8643336,5.0970597
106,1778416053600,105.0,3.2444577,-0.85712314,0.5160667,-3.0059152,-4.6616654,6.1246877
107,1778416053610,106.0,4.0349307,0.011220166,1.2312304,-3.8499782,-5.2490125,6.9899783
108,1778416053620,107.0,4.0349307,0.011220166,1.2312304,-3.8499782,-5.2490125,6.9899783
109,1778416053630,108.0,4.0349307,0.011220166,1.2312304,-3.8499782,-5.2490125,6.9899783
110,1778416053640,109.0,4.9602895,2.2409844,3.2539701,-4.616767,-0.8915578,4.780784
111,1778416053650,,,,,,,
112,1778416053660,110.0,4.3789144,2.3423927,2.78998,-3.8498254,0.96486163,3.3492215
113,1778416053670,111.0,3.7427182,2.318428,2.2399478,-3.0137036,1.7040086,2.2223277
114,1778416053680,112.0,2.8885832,2.1550038,1.557286,-2.0289888,1.7417295,1.0708468
115,1778416053690,113.0,2.251412,1.9061477,1.179764,-1.42973,1.4234687,0.41233405
116,1778416053700,114.0,1.5877756,1.5828363,0.813584,-0.98914355,0.9999864,-0.050396383
117,1778416053710,115.0,1.1858009,1.3696531,0.5697284,-0.84589565,0.30573806,-0.11285736
118,1778416053720,116.0,0.8712093,1.2375113,0.3975232,-0.84589565,0.30573806,-0.11285736
119,1778416053730,117.0,0.55692273,1.1721416,0.26343,-0.88346386,0.038179077,-0.07849618
120,1778416053740,118.0,0.55692273,1.1721416,0.26343,-0.88346386,0.038179077,-0.07849618
121,1778416053750,119.0,0.55692273,1.1721416,0.26343,-0.88346386,0.038179077,-0.07849618
122,1778416053760,120.0,-0.034270294,1.1779956,0.0019513334,-0.90026265,-0.5309946,-0.09392053
123,1778416053770,121.0,-0.12720254,1.1751906,0.028111396,-0.9691377,-1.0603093,-0.48181996
124,1778416053780,122.0,-0.20507295,1.1787273,0.05512517,-0.9454667,-1.0784826,-0.64965516
125,1778416053790,123.0,-0.254649,1.1923866,0.06738198,-0.89476484,-1.0317514,-0.8202393
126,1778416053800,124.0,-0.254649,1.1923866,0.06738198,-0.89476484,-1.0317514,-0.8202393
127,1778416053810,125.0,-0.34373957,1.1686656,0.095066525,-0.82711154,-0.9213375,-1.033584
128,1778416053820,126.0,-0.34373957,1.1686656,0.095066525,-0.7486154,-0.7264715,-1.3118331
129,1778416053830,127.0,-0.38069293,1.1317123,0.13342242,-0.6939429,-0.5386304,-1.5360206
130,1778416053840,128.0,-0.40874338,1.091893,0.1911087,-0.61254513,-0.15439619,-1.8629863
131,1778416053850,129.0,-0.36459443,0.9992047,0.1876329,-0.39553526,0.42913285,-2.3415992
132,1778416053860,130.0,-0.2737355,0.9070041,0.16696097,-0.17195857,0.65102965,-2.5587618
133,1778416053870,131.0,-0.15391143,0.86694086,0.17354672,0.12385293,0.7350236,-2.751337
134,1778416053880,132.0,-0.15391143,0.86694086,0.17354672,0.12385293,0.7350236,-2.751337
135,1778416053890,133.0,0.25922245,0.9472504,0.28239453,0.77304995,0.64812803,-3.28279
136,1778416053900,134.0,0.60235226,1.0590253,0.50570023,1.0584768,0.5487097,-3.5514178
137,1778416053910,135.0,0.60235226,1.0590253,0.50570023,1.0584768,0.5487097,-3.5514178
138,1778416053920,136.0,1.1239071,1.4064234,0.91072387,1.1777482,0.5902485,-3.7910297
139,1778416053930,137.0,1.1239071,1.4064234,0.91072387,1.1777482,0.5902485,-3.7910297
140,1778416053940,138.0,2.374529,1.946516,1.9384059,1.1134546,1.2515101,-3.6879463
141,1778416053950,139.0,2.9347444,2.0799384,2.090183,1.4223998,1.6985108,-3.7406332
142,1778416053960,140.0,3.3813558,2.2228124,2.0599372,2.044108,1.8904753,-4.0327797
143,1778416053970,141.0,3.5439873,2.0226178,1.940845,2.8093693,1.6038266,-4.6196685
144,1778416053980,142.0,3.547585,1.5969834,1.8685236,3.4193182,1.2096659,-5.025283
145,1778416053990,143.0,3.3915396,1.1353102,1.771201,3.8449385,0.787558,-5.0375004
146,1778416054000,144.0,3.1889055,0.74632406,1.6696706,3.780187,0.6722572,-4.890129
147,1778416054010,145.0,2.9297442,0.4411843,1.5503954,3.588986,0.88438016,-4.838969
148,1778416054020,146.0,2.5838091,0.067199044,1.3584329,3.3684638,1.2063061,-4.759251
149,1778416054030,147.0,2.058169,-0.4003892,1.0596349,3.113122,1.6106989,-4.4525967
150,1778416054040,148.0,1.4181316,-0.8144378,0.6710147,2.8831313,1.8895589,-3.7230709
151,1778416054050,149.0,1.4181316,-0.8144378,0.6710147,2.8831313,1.8895589,-3.7230709
152,1778416054060,150.0,1.4181316,-0.8144378,0.6710147,2.8831313,1.8895589,-3.7230709
153,1778416054070,151.0,1.4181316,-0.8144378,0.6710147,2.8831313,1.8895589,-3.7230709
154,1778416054080,152.0,0.18738899,-1.0896367,-0.2089756,2.7418687,0.710589,-0.40026945
155,1778416054090,153.0,0.049759,-1.0609765,-0.333678,2.7284296,0.2405282,0.105832405
156,1778416054100,154.0,0.049759,-1.0609765,-0.333678,2.7284296,0.2405282,0.105832405
157,1778416054110,155.0,0.049759,-1.0609765,-0.333678,2.7284296,0.2405282,0.105832405
158,1778416054120,156.0,0.049759,-1.0609765,-0.333678,2.7284296,0.2405282,0.105832405
159,1778416054130,157.0,0.026343001,-1.1112844,-0.14500846,1.9011654,-0.9184359,1.6394095
160,1778416054140,158.0,0.069028415,-1.1190287,-0.09018819,1.6067283,-0.8335256,1.8700112
161,1778416054150,159.0,0.09756667,-1.1457375,-0.02933098,1.6067283,-0.8335256,1.8700112
162,1778416054160,160.0,0.09756667,-1.1457375,-0.02933098,1.6067283,-0.8335256,1.8700112
163,1778416054170,161.0,0.10890879,-1.1676291,-0.0010366458,0.7463246,-0.14355333,2.2773056
164,1778416054180,162.0,0.040795065,-1.1517745,-0.15555786,0.57344973,-0.055741455,2.4077253
165,1778416054190,163.0,0.022379354,-1.1577505,-0.22257397,0.47510046,-0.11071932,2.560289
166,1778416054200,164.0,0.007866313,-1.1500671,-0.29599288,0.313832,-0.33765575,2.8136454
167,1778416054210,,,,,,,
168,1778416054220,165.0,0.007866313,-1.1500671,-0.29599288,0.313832,-0.33765575,2.8136454
169,1778416054230,166.0,0.007866313,-1.1500671,-0.29599288,0.313832,-0.33765575,2.8136454
170,1778416054240,167.0,0.1832424,-1.1350052,-0.2359284,-0.43264532,-1.1872166,3.7571268
171,1778416054250,168.0,0.4668565,-1.0204253,-0.10878683,-1.0937542,-1.1146764,4.3255367
172,1778416054260,169.0,0.4668565,-1.0204253,-0.10878683,-1.0937542,-1.1146764,4.3255367
173,1778416054270,170.0,0.4668565,-1.0204253,-0.10878683,-1.0937542,-1.1146764,4.3255367
174,1778416054280,171.0,0.6503428,-0.95377517,-0.09726177,-1.8507689,-0.3930918,4.0172024
175,1778416054290,172.0,1.2666593,-0.6854668,-0.24562408,-1.8507689,-0.3930918,4.0172024
176,1778416054300,173.0,2.368553,-0.3556915,-0.3996575,-2.882215,-2.1242838,3.9075522
177,1778416054310,174.0,2.368553,-0.3556915,-0.3996575,-2.882215,-2.1242838,3.9075522
178,1778416054320,175.0,3.1042056,-0.18897444,-0.07799236,-3.2893567,-2.8371637,4.3719625
179,1778416054330,176.0,4.0093803,0.43813533,0.66449,-3.9855902,-3.483001,5.4938164
180,1778416054340,177.0,4.6728945,1.3354439,1.416912,-4.3768497,-2.9019153,5.8082595
181,1778416054350,178.0,4.6728945,1.3354439,1.416912,-4.3768497,-2.9019153,5.8082595
182,1778416054360,179.0,4.6728945,1.3354439,1.416912,-4.3768497,-2.9019153,5.8082595
183,1778416054370,180.0,4.6728945,1.3354439,1.416912,-4.3768497,-2.9019153,5.8082595
184,1778416054380,181.0,2.801688,1.8945009,0.6519892,-2.6528351,3.5431712,0.10949759
185,1778416054390,182.0,2.175371,1.5944222,0.23873344,-1.5900823,2.8834367,-0.34880406
186,1778416054400,183.0,2.175371,1.5944222,0.23873344,-1.5900823,2.8834367,-0.34880406
187,1778416054410,184.0,2.175371,1.5944222,0.23873344,-1.5900823,2.8834367,-0.34880406
188,1778416054420,185.0,2.175371,1.5944222,0.23873344,-1.5900823,2.8834367,-0.34880406
189,1778416054430,186.0,1.0922589,1.1218947,-0.30404213,0.58032197,-0.40408736,-0.464563
190,1778416054440,187.0,1.0922589,1.1218947,-0.30404213,0.5410739,-0.8755226,-0.3559817
191,1778416054450,188.0,0.66869754,0.8757828,-0.21726878,0.5410739,-0.8755226,-0.3559817
192,1778416054460,189.0,0.66869754,0.8757828,-0.21726878,0.5410739,-0.8755226,-0.3559817
193,1778416054470,190.0,0.66869754,0.8757828,-0.21726878,0.5410739,-0.8755226,-0.3559817
194,1778416054480,191.0,0.050368793,0.68186903,0.0746385,-0.6722572,-0.4804455,-0.24174993
195,1778416054490,192.0,-0.04914921,0.6619289,0.06640632,-0.86467975,-0.2406809,-0.33368513
196,1778416054500,193.0,-0.04914921,0.6619289,0.06640632,-0.86467975,-0.2406809,-0.33368513
197,1778416054510,194.0,-0.04914921,0.6619289,0.06640632,-0.86467975,-0.2406809,-0.33368513
198,1778416054520,195.0,-0.04914921,0.6619289,0.06640632,-0.86467975,-0.2406809,-0.33368513
199,1778416054530,196.0,-0.2830043,0.6529039,0.08287069,-0.9089675,0.2660318,-0.70570207
200,1778416054540,197.0,-0.29806617,0.66168493,0.08774903,-0.75732017,0.31581733,-0.84528476
201,1778416054550,198.0,-0.3148964,0.6535137,0.1355567,-0.5815437,0.3474296,-0.9999864
202,1778416054560,199.0,-0.3148964,0.6535137,0.1355567,-0.5815437,0.3474296,-0.9999864
203,1778416054570,200.0,-0.3148964,0.6535137,0.1355567,-0.5815437,0.3474296,-0.9999864
204,1778416054580,201.0,-0.29257807,0.629244,0.21342708,0.11835514,0.603993,-1.513266
205,1778416054590,202.0,-0.20921952,0.6279025,0.31184745,0.3857614,0.7386888,-1.674687
206,1778416054600,203.0,-0.09482261,0.63576883,0.3731925,0.72234815,0.98532563,-1.8759671
207,1778416054610,204.0,-0.09482261,0.63576883,0.3731925,0.72234815,0.98532563,-1.8759671
208,1778416054620,205.0,-0.09482261,0.63576883,0.3731925,0.72234815,0.98532563,-1.8759671
209,1778416054630,206.0,0.47594243,0.9673125,0.42593947,1.6554449,1.3683381,-2.6936102
210,1778416054640,207.0,0.720042,1.1442132,0.5100907,1.8451185,1.2249376,-2.9318478
211,1778416054650,208.0,1.0557323,1.3803854,0.7540074,1.7647897,1.0648909,-2.8565586
212,1778416054660,209.0,1.0557323,1.3803854,0.7540074,1.7647897,1.0648909,-2.8565586
213,1778416054670,210.0,1.0557323,1.3803854,0.7540074,1.7647897,1.0648909,-2.8565586
214,1778416054680,211.0,2.6153965,2.1221972,1.6227167,1.1059716,1.6102408,-2.0941987
215,1778416054690,212.0,2.942184,2.2409844,1.7044287,1.5500705,1.7875444,-2.3064744
216,1778416054700,213.0,3.3019,1.9449306,1.727235,2.2962425,1.7327193,-2.755766
217,1778416054710,214.0,3.3019,1.9449306,1.727235,2.2962425,1.7327193,-2.755766
218,1778416054720,215.0,3.3019,1.9449306,1.727235,2.2962425,1.7327193,-2.755766
219,1778416054730,216.0,3.3019,1.9449306,1.727235,2.2962425,1.7327193,-2.755766
220,1778416054740,217.0,2.7708933,0.8031566,1.1484816,4.039041,1.2983941,-3.509268
221,1778416054750,218.0,2.4706318,0.479967,1.0080466,4.020257,1.3419182,-3.588528
222,1778416054760,,,,,,,
223,1778416054770,219.0,2.4706318,0.479967,1.0080466,4.020257,1.3419182,-3.588528
224,1778416054780,220.0,2.4706318,0.479967,1.0080466,4.020257,1.3419182,-3.588528
225,1778416054790,221.0,2.4706318,0.479967,1.0080466,3.8457022,1.5164729,-3.5619552
226,1778416054800,222.0,0.7419335,-0.5146642,0.17074168,3.1511483,1.8727602,-2.734691
227,1778416054810,223.0,0.33782458,-0.54893446,-0.08976133,2.0722077,1.4834863,-1.1044444
228,1778416054820,224.0,0.33782458,-0.54893446,-0.08976133,2.0722077,1.4834863,-1.1044444
229,1778416054830,225.0,0.23159887,-0.58119243,-0.16647314,1.8454239,1.161713,-0.7808385
230,1778416054840,226.0,0.16500962,-0.6269878,-0.1975725,1.6592628,0.7852673,-0.50793445
231,1778416054850,227.0,0.10207913,-0.7750452,-0.152204,1.278541,-0.04352415,0.0061086523
232,1778416054860,228.0,0.121775396,-0.90310144,-0.06299148,1.278541,-0.04352415,0.0061086523
233,1778416054870,229.0,0.137569,-0.98145974,0.0026221042,1.2391402,-0.28206703,0.33414328
234,1778416054880,230.0,0.14939895,-1.0549396,0.053600688,1.3017539,-0.21120666,0.4804455
235,1778416054890,231.0,0.14452063,-1.0909783,0.061162103,1.3492486,-0.09682214,0.55955255
236,1778416054900,232.0,0.096469045,-1.1222606,0.021159772,1.3782647,0.062308256,0.5815437
237,1778416054910,233.0,0.0041465834,-1.1316514,-0.09518848,1.370018,0.14431691,0.5572618
238,1778416054920,234.0,-0.06811373,-1.1639704,-0.1920234,1.3446671,0.12751812,0.5746715
239,1778416054930,235.0,-0.06811373,-1.1639704,-0.1920234,1.3446671,0.12751812,0.5746715
240,1778416054940,236.0,-0.16336319,-1.235377,-0.38093686,1.2027937,-0.15149458,0.7493789
241,1778416054950,237.0,-0.1378739,-1.4324616,-0.4542948,0.36300668,-1.2609786,1.8390098
242,1778416054960,238.0,-0.026160065,-1.4187413,-0.35459387,-0.17928895,-1.6823229,2.5816693
243,1778416054970,239.0,0.09262736,-1.3401392,-0.2382456,-0.6017023,-1.8318322,3.1290045
244,1778416054980,240.0,0.27971146,-1.2722694,-0.09585925,-1.0769554,-1.7121025,3.6931386
245,1778416054990,241.0,0.50722474,-1.2045825,-0.05433244,-1.5331191,-1.3524556,4.0775256
246,1778416055000,242.0,0.7244325,-1.123968,-0.111591876,-1.8842138,-1.0187705,4.194048
247,1778416055010,243.0,1.0472562,-1.0003022,-0.31343293,-2.3084598,-0.8078693,4.10196
248,1778416055020,244.0,1.2525731,-0.8965767,-0.5133226,-2.543032,-0.9766208,4.031863
249,1778416055030,245.0,1.8008368,-0.65930676,-0.61649936,-3.0983086,-2.0060816,4.1803036
250,1778416055040,246.0,1.8008368,-0.65930676,-0.61649936,-3.0983086,-2.0060816,4.1803036
251,1778416055050,247.0,3.7981484,0.052625023,0.87675846,-4.8676796,-2.97751,6.153093
252,1778416055060,248.0,4.4073915,0.5919248,1.460817,-5.3275084,-1.9158261,6.8543663
253,1778416055070,249.0,5.1594477,1.176837,1.7726034,-5.5048122,-0.0018325958,7.178125
254,1778416055080,250.0,5.3807406,1.7496144,1.6379614,-5.183497,2.012801,6.580851
255,1778416055090,251.0,4.862113,2.1059763,1.2223275,-4.7102294,3.276223,5.2455
256,1778416055100,252.0,4.22921,2.166285,0.8882226,-4.1796927,3.540575,3.9251146
257,1778416055110,253.0,3.3495245,2.0482903,0.4996633,-3.1516066,3.0653217,2.322357
258,1778416055120,254.0,2.6801565,1.814923,0.29489526,-2.1230621,2.2441661,1.3283265
259,1778416055130,255.0,2.131466,1.5110028,0.17714448,-1.1421653,1.3423764,0.7102836
260,1778416055140,256.0,1.5741162,1.2525121,0.13506886,-0.23716843,0.4822781,0.36713
261,1778416055150,257.0,1.1615312,1.0733553,0.072992064,0.20204368,-0.10140363,0.3471242
262,1778416055160,258.0,0.8896251,0.9823134,0.03225798,0.26160303,-0.4466952,0.44883323
263,1778416055170,259.0,0.69693094,0.95225066,0.011281146,0.15225816,-0.6450737,0.5511532
264,1778416055180,260.0,0.5643012,0.92749316,0.014330104,-0.014813482,-0.6924158,0.5992588
265,1778416055190,261.0,0.43124464,0.8959059,0.028660208,-0.17241672,-0.6421721,0.5887214
266,1778416055200,262.0,0.30495682,0.8818807,0.026769854,-0.35414913,-0.4783075,0.50640726
267,1778416055210,263.0,0.19812131,0.89364964,0.0037807084,-0.45158213,-0.33673948,0.39736784
268,1778416055220,264.0,0.03957548,0.92438316,-0.034758125,-0.5511532,-0.20234911,0.17592919
269,1778416055230,265.0,-0.028660208,0.9215172,-0.03640456,-0.5983425,-0.1647809,0.055283304
270,1778416055240,266.0,-0.12744646,0.9201756,-0.008293167,-0.6760751,-0.099265605,-0.12858713
271,1778416055250,267.0,-0.19306004,0.92956644,0.03079448,-0.753655,0.0071776668,-0.29764408
272,1778416055260,268.0,-0.24013597,0.9559704,0.05512517,-0.8032878,0.14859296,-0.4989242
273,1778416055270,269.0,-0.25416118,0.9828012,0.06329638,-0.82848597,0.28252518,-0.79091775
274,1778416055280,270.0,-0.25946635,0.97847176,0.07402871,-0.8332202,0.37415496,-1.0769554
275,1778416055290,271.0,-0.24678269,0.9506652,0.08482202,-0.7979427,0.45097128,-1.4761559
276,1778416055300,272.0,-0.21611017,0.89364964,0.1074453,-0.68493265,0.5056437,-1.8551978
277,1778416055310,273.0,-0.15610667,0.8507814,0.13134913,-0.48426342,0.5636759,-2.1972823
278,1778416055320,274.0,-0.10835998,0.82980454,0.140496,-0.32085696,0.6096435,-2.3835962
279,1778416055330,275.0,0.006707709,0.79370487,0.16171674,0.00061086525,0.6597345,-2.6510024
280,1778416055340,276.0,0.17732742,0.78285056,0.16793664,0.32528573,0.70249504,-2.8487701
281,1778416055350,,,,,,,
282,1778416055360,277.0,0.42569554,0.8884055,0.18098617,0.59605175,0.66599584,-3.0473013
283,1778416055370,278.0,0.7118098,1.0603057,0.20367043,0.77518797,0.54321194,-3.2560644
284,1778416055380,279.0,1.0204864,1.2463533,0.24373372,0.79275036,0.3042109,-3.4180965
285,1778416055390,280.0,1.87078,1.4627073,0.5573496,0.2968805,-0.2779437,-3.1668782
286,1778416055400,281.0,1.87078,1.4627073,0.5573496,0.2968805,-0.2779437,-3.1668782
287,1778416055410,282.0,2.3985546,1.6260705,0.8360244,0.14248432,-0.34345898,-2.9194777
288,1778416055420,283.0,2.8232136,1.7688836,0.9873137,0.24312437,-0.21013765,-2.8823676
289,1778416055430,284.0,3.0321891,1.7970562,1.0379264,0.36880988,-0.10338894,-2.9972103
290,1778416055440,285.0,3.316413,1.6960746,1.091954,0.5196936,0.01985312,-3.2580497
291,1778416055450,286.0,3.4455671,1.4746592,1.0898806,0.7672467,0.31031954,-3.6723692
292,1778416055460,287.0,3.1330485,0.9218831,0.93432283,1.0215194,1.0926852,-4.174195
293,1778416055470,288.0,2.889071,0.6211338,0.8251701,1.1429288,1.4514158,-4.2496367
294,1778416055480,289.0,2.5222204,0.17805916,0.66869754,1.3060299,1.6568192,-4.203211
295,1778416055490,290.0,2.0823166,-0.2376968,0.5166765,1.600467,1.8590157,-3.9843686
296,1778416055500,291.0,1.6258876,-0.5545445,0.32623854,1.9879082,1.9717203,-3.5243871
297,1778416055510,292.0,1.2801356,-0.70418745,0.17324181,2.3231206,1.9301815,-2.9698741
298,1778416055520,293.0,0.9031625,-0.78175294,-0.005854,2.7108672,1.6896533,-2.141999
299,1778416055530,294.0,0.71845657,-0.78175294,-0.090249166,2.7108672,1.6896533,-2.141999
300,1778416055540,295.0,0.71845657,-0.78175294,-0.090249166,2.9002354,1.4776831,-1.6352862
301,1778416055550,296.0,0.31434762,-0.63552487,-0.24916087,3.2403347,0.61391956,-0.108123146
302,1778416055560,297.0,0.23775777,-0.60235226,-0.27245492,3.2285755,0.3295618,0.32727104
303,1778416055570,298.0,0.23775777,-0.60235226,-0.27245492,3.2285755,0.3295618,0.32727104
304,1778416055580,299.0,0.19531627,-0.6208289,-0.27507702,3.1341968,0.14431691,0.5934556
305,1778416055590,300.0,0.17299789,-0.7619957,-0.19586508,2.6158776,-0.122783914,1.2001975
306,1778416055600,301.0,0.17903483,-0.7907169,-0.15238695,2.3171647,-0.11026118,1.4063646
307,1778416055610,302.0,0.2066584,-0.8217553,-0.0807974,1.807703,-0.026572637,1.5951219
308,1778416055620,303.0,0.2066584,-0.8217553,-0.0807974,1.4433218,0.047800206,1.629483
309,1778416055630,304.0,0.2189762,-0.8387685,-0.053478733,1.0903945,0.123242065,1.6013832
310,1778416055640,305.0,0.20928052,-0.88310033,-0.02841629,0.712727,0.19165897,1.5146403
311,1778416055650,306.0,0.1621436,-0.8992598,-0.07969977,0.42180246,0.1956296,1.409877
312,1778416055660,307.0,0.10372557,-0.9207854,-0.14988679,0.16065755,0.05222898,1.3449726
313,1778416055670,308.0,0.05652769,-0.9452381,-0.21275632,-0.12583824,-0.23441954,1.3671165
314,1778416055680,309.0,0.012195834,-0.96536124,-0.28934616,-0.37094793,-0.5864306,1.4521794
315,1778416055690,310.0,-0.005854,-0.9848135,-0.29257807,-0.6797403,-1.0888673,1.6687311
316,1778416055700,311.0,0.0011586042,-0.9964606,-0.24531919,-0.9219484,-1.4445436,1.92392
317,1778416055710,312.0,0.041099958,-0.9996925,-0.16519257,-1.2278391,-1.6922494,2.40742
318,1778416055720,313.0,0.091102876,-0.9845696,-0.11927526,-1.3662001,-1.7072157,2.6658158
319,1778416055730,314.0,0.1676927,-0.9475553,-0.117384896,-1.5861117,-1.617724,3.051119
320,1778416055740,315.0,0.3216651,-0.9135899,-0.137569,-1.865277,-1.4918857,3.3281465
321,1778416055750,316.0,0.5046636,-0.8125474,-0.22550097,-2.239432,-1.3391694,3.4348953
322,1778416055760,317.0,0.8230359,-0.65997756,-0.35550857,-2.5340219,-1.4219415,3.375336
323,1778416055770,318.0,1.4679515,-0.51582277,-0.40551147,-3.0353894,-2.054798,3.4736853
324,1778416055780,319.0,2.1734805,-0.56759405,-0.15342359,-3.66061,-2.6241243,4.1276164
325,1778416055790,320.0,3.1439638,-0.31550622,0.29428545,-4.6520443,-2.8933632,5.336213
326,1778416055800,321.0,3.8073564,0.50722474,0.77522814,-5.4279957,-2.5415049,6.2609105
327,1778416055810,322.0,4.3689137,1.0387192,1.1172603,-5.8137574,-1.8952094,6.6193357
328,1778416055820,323.0,4.786194,1.3391635,1.3711776,-5.973804,-1.2515101,6.6146016
329,1778416055830,324.0,4.964131,1.8972448,1.6930866,-6.0692515,0.9089675,5.7450347
330,1778416055840,325.0,4.401964,2.180066,1.5485051,-6.1523294,2.7724118,4.3611197
331,1778416055850,326.0,3.6638722,2.1187212,1.2724524,-5.955325,3.953978,2.8533516
332,1778416055860,327.0,3.0723135,1.9013304,1.0322554,-5.244278,4.4020476,1.6380352
333,1778416055870,328.0,2.3903224,1.5887512,0.69034517,-4.063628,4.149302,0.84879726
334,1778416055880,329.0,1.8998669,1.2444018,0.35428897,-2.9336803,3.5266778,0.5477934
335,1778416055890,330.0,1.3415416,1.1615921,0.1598264,-1.6453656,2.4028385,0.4783075
336,1778416055900,331.0,1.0585374,1.0517687,-0.034941066,-0.5170974,1.2290609,0.32818735
337,1778416055910,332.0,0.8893202,0.96761745,-0.016769271,0.07162395,0.26221392,0.3135266
338,1778416055920,333.0,0.68400335,0.930908,0.06445498,0.54137933,-0.5013676,0.30405816
339,1778416055930,334.0,0.57881427,0.91590714,0.09415183,0.66691214,-0.7673995,0.28160888
340,1778416055940,335.0,0.40264544,0.9059065,0.14299615,0.6737844,-0.95310247,0.22495113
341,1778416055950,336.0,0.27593073,0.9021258,0.15128931,0.56428677,-0.86819226,0.15027285
342,1778416055960,337.0,0.18183987,0.9099921,0.14086188,0.45051312,-0.7060075,0.07345655
343,1778416055970,338.0,0.06811373,0.91730964,0.10671354,0.34269542,-0.4569272,-0.048716504
344,1778416055980,339.0,-0.03597771,0.91682184,0.05799119,0.26511553,-0.23701571,-0.1797471
345,1778416055990,,,,,,,
346,1778416056000,340.0,-0.12342183,0.9114556,0.022379354,0.21517728,-0.077579886,-0.29901853
347,1778416056010,341.0,-0.17226616,0.9060894,0.0060369377,0.19883664,0.051465396,-0.42210788
348,1778416056020,342.0,-0.18153499,0.91096777,0.0060369377,0.19074267,0.17928895,-0.5821546
349,1778416056030,343.0,-0.19952384,0.9090774,0.01097625,0.17760907,0.2782491,-0.74464476
350,1778416056040,344.0,-0.19568215,0.8983451,0.009573729,0.17531833,0.344528,-0.8938486
351,1778416056050,345.0,-0.1460451,0.85541576,0.0062808543,0.22113322,0.4334089,-1.2134838
352,1778416056060,346.0,-0.09000525,0.81199855,0.021403689,0.30741793,0.4569272,-1.4590516
353,1778416056070,347.0,0.0746385,0.77791125,0.10659158,0.52213705,0.56673026,-1.8758144
354,1778416056080,348.0,0.0746385,0.77791125,0.10659158,0.52213705,0.56673026,-1.8758144
355,1778416056090,349.0,0.49606553,0.930786,0.18775485,0.8116872,0.5552765,-2.5259278
356,1778416056100,350.0,0.7311402,1.0151201,0.27001578,0.9137017,0.48701233,-2.9614747
357,1778416056110,351.0,0.9098702,1.1014667,0.3875226,0.9239337,0.42180246,-3.227201
358,1778416056120,352.0,0.9098702,1.1014667,0.3875226,0.9239337,0.42180246,-3.227201
359,1778416056130,353.0,1.3045883,1.381727,0.80852276,0.52473325,0.39370266,-3.3394475
360,1778416056140,354.0,1.3045883,1.381727,0.80852276,0.52473325,0.39370266,-3.3394475
361,1778416056150,355.0,1.7905924,1.5278331,1.2051923,0.28710666,0.73761976,-3.28279
362,1778416056160,356.0,2.6824737,1.4810619,1.3013564,0.9289733,1.096045,-3.0024028
363,1778416056170,357.0,2.977064,1.472403,1.249707,1.7997618,0.6872234,-2.9028316
364,1778416056180,358.0,3.2018943,1.258793,1.264769,1.7997618,0.6872234,-2.9028316
365,1778416056190,359.0,3.201955,1.14464,1.2333647,2.705675,0.30466905,-3.1876476
366,1778416056200,360.0,3.1009736,0.9768253,1.1101867,2.8286116,0.18936823,-3.3224962
367,1778416056210,361.0,2.894498,0.7097975,1.0590862,2.8541152,0.26160303,-3.4878879
368,1778416056220,362.0,2.894498,0.7097975,1.0590862,2.8541152,0.26160303,-3.4878879
369,1778416056230,363.0,2.2820234,0.12549512,0.8834662,2.7850873,0.8191703,-3.668704
370,1778416056240,364.0,1.8253504,-0.26153967,0.6866255,2.760042,1.2776246,-3.5343137
371,1778416056250,365.0,1.8253504,-0.26153967,0.6866255,2.760042,1.2776246,-3.5343137
372,1778416056260,366.0,0.98841137,-0.7238227,0.22604977,2.8658743,1.6862935,-2.4066563
373,1778416056270,367.0,0.68406427,-0.7619957,0.021647604,2.876717,1.5537357,-1.6030631
374,1778416056280,368.0,0.45722178,-0.705529,-0.11695804,2.8593075,1.2392929,-0.86315256
375,1778416056290,369.0,0.310262,-0.63686645,-0.19513334,2.8202121,0.8790351,-0.3089451
376,1778416056300,370.0,0.23416002,-0.59881544,-0.22037871,2.745381,0.6009387,0.00580322
377,1778416056310,371.0,0.17763232,-0.5992423,-0.2133661,2.5776987,0.29932398,0.28970283
378,1778416056320,372.0,0.14763056,-0.62936604,-0.17171735,2.3545802,0.09315695,0.5363397
379,1778416056330,373.0,0.14763056,-0.62936604,-0.17171735,2.3545802,0.09315695,0.5363397
380,1778416056340,374.0,0.15141128,-0.70766324,-0.070065066,1.9964603,0.03848451,0.9094256
381,1778416056350,375.0,0.14421573,-0.72613996,-0.04317325,1.9964603,0.03848451,0.9094256
382,1778416056360,376.0,0.1378739,-0.7309573,-0.029513916,1.568702,0.2350304,1.1965322
383,1778416056370,377.0,0.12775135,-0.7382138,-0.01097625,1.4054482,0.31795537,1.1971432
384,1778416056380,378.0,0.10579886,-0.758215,-0.010732334,1.1655309,0.4531093,1.1458305
385,1778416056390,379.0,0.068479605,-0.7768136,-0.058174126,0.95203346,0.54000485,1.0968086
386,1778416056400,380.0,0.014817937,-0.8022419,-0.14488651,0.647059,0.5006041,1.0740538
387,1778416056410,381.0,0.014817937,-0.8022419,-0.14488651,0.29565877,0.30711251,1.1128438
388,1778416056420,382.0,-0.04268542,-0.85498893,-0.21098791,-0.004276057,0.09040806,1.2023355
389,1778416056430,383.0,-0.060369372,-0.87986845,-0.22733033,-0.41034874,-0.22922719,1.4213307
390,1778416056440,384.0,-0.03158721,-0.9066383,-0.20976834,-0.7469355,-0.5180137,1.6543758
391,1778416056450,385.0,0.04542948,-0.91480947,-0.1214705,-1.1151345,-0.77763146,1.9817996
392,1778416056460,386.0,0.12665373,-0.8933448,-0.06256463,-1.3755158,-0.81199265,2.3507621
393,1778416056470,387.0,0.25599056,-0.90505284,-0.032318957,-1.568702,-0.74479747,2.5822802
394,1778416056480,388.0,0.43374482,-0.91596806,-0.05286894,-1.7536414,-0.57848936,2.7985263
395,1778416056490,389.0,0.61387724,-0.8373049,-0.12409261,-1.8984165,-0.4644103,2.8185322
396,1778416056500,390.0,0.9378596,-0.6415009,-0.31715265,-1.9417878,-0.4485278,2.4689646
397,1778416056510,391.0,1.2820259,-0.58753425,-0.50704175,-1.9489655,-0.80680025,1.9620992
398,1778416056520,392.0,1.6964406,-0.6925404,-0.43935493,-2.329229,-1.4897476,2.1862867
399,1778416056530,393.0,2.286597,-0.7982173,-0.15391143,-3.098614,-2.0389154,3.206279
400,1778416056540,394.0,3.108657,-0.41167036,0.20062146,-4.2841506,-2.3539693,4.93686
401,1778416056550,395.0,3.8893123,0.3972183,0.65205026,-5.260008,-2.422997,6.2593837
402,1778416056560,396.0,4.982181,1.0886002,1.2022043,-5.6155314,-2.1386392,6.9327097
403,1778416056570,397.0,5.476783,1.8363876,1.694916,-5.1543283,-0.96776325,6.271448
404,1778416056580,398.0,4.932483,2.180859,1.6691217,-4.2933135,0.8614727,4.556291
405,1778416056590,399.0,4.256285,2.2286057,1.3591037,-3.4020612,2.008067,3.1283937
406,1778416056600,400.0,3.3798923,2.042802,0.71260256,-2.047315,2.6514606,1.6279559
407,1778416056610,401.0,2.6936328,1.7776648,0.19141361,-0.76052725,2.313652,0.57696223
408,1778416056620,402.0,2.6936328,1.7776648,0.19141361,-0.76052725,2.313652,0.57696223
409,1778416056630,403.0,1.5401508,1.1836666,-0.42819571,0.5881105,0.47158796,0.039553523
410,1778416056640,404.0,1.1426277,0.99200904,-0.40606028,0.6400341,-0.33429602,0.2519819
411,1778416056650,,,,,,,
412,1778416056660,405.0,1.1426277,0.99200904,-0.40606028,0.6400341,-0.33429602,0.2519819
413,1778416056670,406.0,0.86218446,0.92609066,-0.3204455,0.40454552,-0.7141015,0.46043968
414,1778416056680,407.0,0.86218446,0.92609066,-0.3204455,0.40454552,-0.7141015,0.46043968
415,1778416056690,408.0,0.5288723,0.9087116,-0.12842213,-0.92072666,-1.0865766,0.74372846
416,1778416056700,409.0,0.27263784,0.9474333,0.14714272,-1.5294539,-0.94714653,0.31566462
417,1778416056710,410.0,0.17513217,0.9457869,0.23897736,-1.643533,-0.8164214,-0.014660766
418,1778416056720,411.0,0.17513217,0.9457869,0.23897736,-1.643533,-0.8164214,-0.014660766
419,1778416056730,412.0,0.09750569,0.9206025,0.30946928,-1.6540704,-0.6041457,-0.34208453
420,1778416056740,413.0,-0.09707884,0.87901473,0.3945962,-1.5033394,-0.14446963,-0.8127562
421,1778416056750,414.0,-0.09707884,0.87901473,0.3945962,-1.5033394,-0.14446963,-0.8127562
422,1778416056760,415.0,-0.2830043,0.807974,0.37965629,-1.0804679,0.37904188,-1.2996159
423,1778416056770,416.0,-0.336544,0.78108215,0.3231286,-0.7788532,0.47250426,-1.5251778
424,1778416056780,417.0,-0.34264195,0.731811,0.29080966,-0.50640726,0.45173484,-1.6809485
425,1778416056790,418.0,-0.32965338,0.6635753,0.28635818,-0.15653422,0.38591412,-1.8240436
426,1778416056800,419.0,-0.286785,0.62308514,0.2932488,0.16264287,0.3200934,-1.9055941
427,1778416056810,420.0,-0.20037755,0.6143041,0.32794595,0.43371433,0.2837469,-1.939039
428,1778416056820,421.0,-0.07335794,0.646928,0.3647774,0.6533204,0.32467487,-1.9668334
429,1778416056830,422.0,0.09768862,0.7565685,0.41404852,0.79229224,0.38423425,-2.053729
430,1778416056840,423.0,0.09768862,0.7565685,0.41404852,0.79229224,0.38423425,-2.053729
431,1778416056850,424.0,0.46917373,1.1167725,0.55594707,1.0516045,0.689056,-2.5025623
432,1778416056860,425.0,0.46917373,1.1167725,0.55594707,1.0516045,0.689056,-2.5025623
433,1778416056870,426.0,0.9615805,1.4654514,0.6210728,1.0111347,0.9279043,-2.9385672
434,1778416056880,427.0,1.3105034,1.5934466,0.6462572,0.84436846,0.8142834,-2.918714
435,1778416056890,428.0,1.8757801,1.6735123,0.6864425,0.6479753,0.36667186,-2.8855748
436,1778416056900,429.0,2.4195313,1.7082703,0.9838379,0.6609562,-0.18952094,-2.9599476
437,1778416056910,430.0,2.7994926,1.7228444,1.3860565,0.9728029,-0.09590584,-3.1280882
438,1778416056920,431.0,2.9657826,1.5788116,1.554115,1.2131784,0.70478576,-3.457192
439,1778416056930,432.0,3.006212,1.3564816,1.5446024,1.1922562,1.6551393,-3.6905425
440,1778416056940,433.0,2.9439523,1.188484,1.3600184,1.0186177,2.511267,-3.7230709
441,1778416056950,434.0,2.9439523,1.188484,1.3600184,1.0186177,2.511267,-3.7230709
442,1778416056960,435.0,2.801139,0.9848135,1.0845145,0.8054258,3.1564934,-3.579365
443,1778416056970,436.0,2.3730652,0.5272259,0.7099805,0.9088148,3.5552356,-3.414584
444,1778416056980,437.0,2.054754,0.22300081,0.55393475,1.1527027,3.5020905,-3.2629366
445,1778416056990,438.0,1.7074777,-0.038172957,0.43228132,1.4294246,3.4162638,-2.9513955
446,1778416057000,439.0,1.4439867,-0.18927933,0.34416643,1.6333009,3.3777795,-2.5631905
447,1778416057010,440.0,1.1461644,-0.2862972,0.21013421,1.8707749,3.2936327,-1.8058704
448,1778416057020,441.0,0.8991988,-0.30684718,0.066223375,1.977218,3.1532865,-1.2675453
449,1778416057030,442.0,0.69333315,-0.2713573,-0.07280912,2.0726657,2.8754954,-0.6559166
450,1778416057040,443.0,0.58168024,-0.22617173,-0.18501079,2.147344,2.5326474,-0.27168232
451,1778416057050,444.0,0.5003341,-0.21702486,-0.26647896,2.2566888,1.9749273,0.07391469
452,1778416057060,445.0,0.4344156,-0.25013652,-0.28257746,2.3718371,1.4220943,0.26893342
453,1778416057070,446.0,0.3791075,-0.30520073,-0.2991028,2.474615,0.9957104,0.3578143
454,1778416057080,447.0,0.32581168,-0.3919131,-0.29885888,2.6322184,0.356898,0.49235737
455,1778416057090,448.0,0.29471233,-0.48289403,-0.24080674,2.727055,0.00061086525,0.5936083
456,1778416057100,449.0,0.25836873,-0.54076326,-0.18726702,2.7893634,-0.32406402,0.701426
457,1778416057110,450.0,0.23403804,-0.5621669,-0.16470474,2.7893634,-0.32406402,0.701426
458,1778416057120,451.0,0.22074458,-0.6128406,-0.16824152,2.7806585,-0.8257371,0.7338019
459,1778416057130,452.0,0.21153674,-0.64400095,-0.15391143,2.7721064,-1.132086,0.6637051
460,1778416057140,453.0,0.20232888,-0.6571115,-0.13092227,2.79929,-0.5412266,0.74388117
461,1778416057150,454.0,0.18690115,-0.69016224,-0.088846646,2.5906794,-1.5050193,0.45097128
462,1778416057160,455.0,0.15817997,-0.7358966,-0.06213777,2.2524128,-1.5563319,0.3735441
463,1778416057170,456.0,0.13177599,-0.77931374,-0.066650234,1.8509218,-1.5577064,0.38606682
464,1778416057180,457.0,0.12183637,-0.8552938,-0.067625895,1.2275337,-1.547169,0.5207626
465,1778416057190,458.0,0.12086072,-0.8948083,-0.05573496,0.55970526,-1.5059355,0.79061234
466,1778416057200,459.0,0.13891055,-0.8967596,-0.05335677,-0.024587326,-1.3808609,1.1258247
467,1778416057210,460.0,0.17683959,-0.89194226,-0.06860156,-0.40668353,-1.2435689,1.4112514
468,1778416057220,461.0,0.25568563,-0.88913727,-0.09274931,-0.79901177,-1.0375546,1.7275269
469,1778416057230,462.0,0.36319193,-0.9058455,-0.1232389,-1.1273518,-0.7715228,1.9819523
470,1778416057240,463.0,0.45033115,-0.8962108,-0.15275282,-1.352761,-0.5954409,2.1398609
471,1778416057250,464.0,0.6952235,-0.6378421,-0.30507877,-1.8828394,-0.37415496,2.3779457
472,1778416057260,465.0,0.86700183,-0.33953202,-0.4675273,-2.3872614,-0.55939984,2.5124888
473,1778416057270,,,,,,,
474,1778416057280,466.0,1.1877522,-0.22190319,-0.506432,-3.222467,-1.2977833,3.0056098
475,1778416057290,467.0,2.3319044,0.29544407,0.31068885,-4.925559,-2.3420575,4.5909576
476,1778416057300,468.0,2.3319044,0.29544407,0.31068885,-4.925559,-2.3420575,4.5909576
477,1778416057310,469.0,3.5331328,0.7204079,1.2658056,-5.370727,-1.9776763,5.2273264
478,1778416057320,470.0,3.5331328,0.7204079,1.2658056,-5.6547794,-0.78542,5.9684587
479,1778416057330,471.0,3.9507184,1.3660553,1.0779287,-5.3374352,2.2148447,6.109111
480,1778416057340,472.0,3.9507184,1.3660553,1.0779287,-5.3374352,2.2148447,6.109111
481,1778416057350,473.0,3.8010144,1.4865501,0.8370001,-4.987104,2.5650232,5.762292
482,1778416057360,474.0,3.4012349,1.5811288,0.42929336,-3.8472292,2.1930063,4.8375945
483,1778416057370,475.0,2.9142554,1.6024106,0.14013013,-1.2644911,0.049632803,2.9449813
484,1778416057380,476.0,2.6042984,1.5854584,0.065491624,-1.2644911,0.049632803,2.9449813
485,1778416057390,477.0,1.8377903,1.3687384,0.08915155,0.24373524,-1.3773484,1.5158621
486,1778416057400,478.0,1.5726527,1.1931794,0.16482669,0.39538252,-1.6847663,1.0783299
487,1778416057410,479.0,1.2728791,1.0608547,0.21178065,0.2780964,-1.6780468,0.8752172
488,1778416057420,480.0,1.0231694,0.9226758,0.24178241,0.021838432,-1.4850134,0.7312057
489,1778416057430,481.0,0.7949854,0.8337072,0.26068595,-0.25259277,-1.1591167,0.6389651
490,1778416057440,482.0,0.7949854,0.8337072,0.26068595,-0.40943244,-0.93874717,0.589485
491,1778416057450,483.0,0.6666852,0.7972416,0.25452703,-0.40943244,-0.93874717,0.589485
492,1778416057460,484.0,0.47929627,0.7383357,0.23178181,-0.60994893,-0.6337727,0.4989242
493,1778416057470,485.0,0.17348573,0.6897963,0.21324414,-0.6995934,-0.23762658,0.28023443
494,1778416057480,486.0,0.048722353,0.6826008,0.21330512,-0.6188065,-0.13439035,0.16691893
495,1778416057490,487.0,-0.05213719,0.68467414,0.22092752,-0.45463645,-0.07269296,0.055283304
496,1778416057500,488.0,-0.111591876,0.6866255,0.22312276,-0.20922135,-0.04153884,-0.052381694
497,1778416057510,489.0,-0.1642169,0.6930283,0.22519606,-0.030390546,-0.031612277,-0.1226312
498,1778416057520,490.0,-0.23287943,0.7043094,0.23611133,0.34788775,-0.020463986,-0.2695443
499,1778416057530,491.0,-0.27080846,0.7077852,0.24452646,0.65118235,-0.00290161,-0.40225476
500,1778416057540,492.0,-0.29422447,0.7068095,0.24312395,0.83001316,0.014202617,-0.48487428
501,1778416057550,493.0,-0.29227313,0.7014434,0.2441606,1.0980303,0.015118915,-0.6160576
502,1778416057560,494.0,-0.26007617,0.68491805,0.26306412,1.3455834,0.032986723,-0.73960507
503,1778416057570,495.0,-0.18086421,0.68247885,0.30843264,1.3455834,0.032986723,-0.73960507
504,1778416057580,496.0,-0.0617719,0.7112,0.322031,1.7331774,0.1563815,-0.98563105
505,1778416057590,497.0,0.14811839,0.80022967,0.34599578,1.9158261,0.21197024,-1.1965322
506,1778416057600,498.0,0.34154433,0.9560924,0.36038688,2.0793853,0.2049453,-1.4563028
507,1778416057610,499.0,0.56247187,1.1782395,0.38203448,2.2757785,0.098807454,-1.8953621
508,1778416057620,500.0,0.7596175,1.3585548,0.4429527,2.364354,-0.079107046,-2.281887
509,1778416057630,501.0,1.0224377,1.4712443,0.59747386,2.3020456,-0.23808473,-2.7097983
510,1778416057640,502.0,1.4266686,1.399106,0.75156826,2.0245602,-0.3379612,-2.869845
511,1778416057650,503.0,1.850047,1.3133084,0.925115,1.7162259,-0.41218132,-2.7261388
512,1778416057660,504.0,2.2929387,1.4025208,1.1345174,1.5714508,-0.34865135,-2.5605943
513,1778416057670,505.0,2.6649115,1.4214244,1.2303157,1.7826575,-0.18829921,-2.6358836
514,1778416057680,506.0,2.9720027,1.3150157,1.2784283,2.1210768,-0.01160644,-2.865416
515,1778416057690,507.0,3.1430492,1.1472011,1.2481216,2.381,0.30405816,-3.1392365
516,1778416057700,508.0,3.1714654,1.0163398,1.1500671,2.413834,0.59330285,-3.3055446
517,1778416057710,509.0,3.103047,0.8503545,0.99274087,2.2421808,0.8801041,-3.4110715
518,1778416057720,510.0,2.9881012,0.7001628,0.8973084,1.9979875,1.0997101,-3.4486396
519,1778416057730,511.0,2.7343059,0.5125299,0.81766963,1.6404786,1.5169312,-3.5025487
520,1778416057740,512.0,2.4670343,0.33373898,0.7671789,1.3199271,1.877647,-3.5471418
521,1778416057750,513.0,2.1097574,0.06335735,0.68406427,1.1527027,2.2849414,-3.5253034
522,1778416057760,514.0,1.7657737,-0.2125124,0.5537518,1.091158,2.7811167,-3.2976034
523,1778416057770,515.0,1.4441086,-0.41880494,0.36989963,1.1597277,3.1198416,-2.826779
524,1778416057780,516.0,1.1551894,-0.5325311,0.1653755,1.3035865,3.1891747,-2.1881194
525,1778416057790,517.0,0.9186512,-0.54637337,-0.029696856,1.5054774,2.9651399,-1.5077682
526,1778416057800,518.0,0.7650446,-0.51088345,-0.15092343,1.700038,2.6048822,-1.0158689
527,1778416057810,519.0,0.61308455,-0.44075742,-0.24318492,1.9620992,2.0378466,-0.54336464
528,1778416057820,520.0,0.5184449,-0.39203507,-0.27233297,2.1766655,1.5712981,-0.28802297
529,1778416057830,521.0,0.44453815,-0.39240095,-0.24525821,2.3916903,1.0395399,-0.06704246
530,1778416057840,522.0,0.40087706,-0.4253907,-0.1943406,2.5016458,0.7301367,0.0720821
531,1778416057850,523.0,0.35611832,-0.4871626,-0.15293576,2.591596,0.48487428,0.2322815
532,1778416057860,524.0,0.3009322,-0.5305188,-0.15342359,2.6746736,0.32284227,0.3830125
533,1778416057870,525.0,0.24678269,-0.55436164,-0.1589117,2.7539332,0.18982637,0.50671273
534,1778416057880,526.0,0.20476803,-0.56460613,-0.16549747,2.7844765,0.099265605,0.58459806
535,1778416057890,527.0,0.1656804,-0.5782654,-0.19153556,2.7102563,0.022449298,0.606131
536,1778416057900,528.0,0.13195892,-0.58704644,-0.19964579,2.6007588,-0.027641652,0.59727347
537,1778416057910,529.0,0.07469948,-0.62064594,-0.22550097,2.2421808,-0.12461651,0.58246
538,1778416057920,530.0,0.051649354,-0.6406471,-0.24330688,1.8996382,-0.2264783,0.59421915
539,1778416057930,531.0,0.023720896,-0.64412296,-0.27233297,1.4063646,-0.43004912,0.636827
540,1778416057940,532.0,0.00951275,-0.6494891,-0.28635818,0.9943359,-0.64843345,0.68600166
541,1778416057950,533.0,0.009573729,-0.6669901,-0.26001516,0.52748215,-0.9896017,0.7806858
542,1778416057960,534.0,0.029087063,-0.7043094,-0.15476513,0.13713925,-1.2202033,0.93966347
543,1778416057970,,,,,,,
544,1778416057980,535.0,0.09360302,-0.7484583,-0.01323248,-0.3481932,-1.1016954,1.3545936
545,1778416057990,536.0,0.09360302,-0.7484583,-0.01323248,-0.3481932,-1.1016954,1.3545936
546,1778416058000,537.0,0.25562465,-0.8095594,-0.045063604,-0.68676525,-0.59788436,1.7796031
547,1778416058010,538.0,0.25562465,-0.8095594,-0.045063604,-0.68676525,-0.59788436,1.7796031
548,1778416058020,539.0,0.330751,-0.8258409,-0.11775078,-0.68676525,-0.59788436,1.7796031
549,1778416058030,540.0,0.5702162,-0.7971197,-0.2822116,-1.0722213,-0.2724459,2.3443482
550,1778416058040,541.0,1.0440853,-0.4803939,-0.3851444,-1.7435621,-0.64476824,3.1152601
551,1778416058050,542.0,1.0440853,-0.4803939,-0.3851444,-1.7435621,-0.64476824,3.1152601
552,1778416058060,543.0,1.4078871,-0.35428897,-0.30605444,-0.817185,-0.37522396,1.9414824
553,1778416058070,544.0,2.7082677,0.25214887,0.52064013,-4.312403,-1.4492778,4.8553095
554,1778416058080,545.0,3.360623,0.43831828,1.0229865,-4.582711,-0.7107417,5.053688
555,1778416058090,546.0,3.7754035,0.53222615,1.343371,-4.478864,0.39950588,5.077359
556,1778416058100,547.0,3.97822,0.7022361,1.378556,-4.1410556,2.179109,4.9506044
557,1778416058110,548.0,3.9170578,0.90493083,1.071587,-3.7594175,3.2950072,4.7305403
558,1778416058120,549.0,3.9170578,0.90493083,1.071587,-3.7594175,3.2950072,4.7305403
559,1778416058130,550.0,3.415809,1.2316571,0.19543824,-2.0059288,3.0644054,3.8292089
560,1778416058140,551.0,3.415809,1.2316571,0.19543824,-2.0059288,3.0644054,3.8292089
561,1778416058150,552.0,2.4578264,1.314284,-0.31514034,1.0323622,-0.035277467,2.6746736
562,1778416058160,553.0,2.4578264,1.314284,-0.31514034,1.0323622,-0.035277467,2.6746736
563,1778416058170,554.0,1.7332718,1.1426886,-0.12897095,2.1902573,-1.2249376,2.2197316
564,1778416058180,555.0,1.4937457,1.0455488,-0.037014354,2.8225029,-1.8568777,1.7695239
565,1778416058190,556.0,1.2345233,0.91188246,0.03091644,2.5793786,-1.5709927,1.6781995
566,1778416058200,557.0,1.0428658,0.8296825,0.046710044,2.1940753,-1.075581,1.6691893
567,1778416058210,558.0,0.8818197,0.7839482,0.023233064,1.890628,-0.6808093,1.670411
568,1778416058220,559.0,0.69272333,0.74839735,-0.04634417,1.6664404,-0.3912592,1.6339118
569,1778416058230,560.0,0.53869,0.72101766,-0.13366634,1.5987871,-0.26190847,1.5919148
570,1778416058240,561.0,0.53869,0.72101766,-0.13366634,1.5987871,-0.26190847,1.5919148
571,1778416058250,562.0,0.24818522,0.72351784,-0.2274523,2.1088595,-0.70249504,1.422247
572,1778416058260,563.0,0.24818522,0.72351784,-0.2274523,2.1088595,-0.70249504,1.422247
573,1778416058270,564.0,0.04981998,0.7954732,-0.163912,2.8640418,-1.2638801,1.0884092
574,1778416058280,565.0,0.0014025208,0.80779105,-0.10787215,3.1870368,-1.509448,0.89766645
575,1778416058290,566.0,-0.028294332,0.8493789,-0.02628202,3.364035,-1.662317,0.7328856
576,1778416058300,567.0,-0.09232246,0.90279657,0.09281029,3.5199583,-1.7429513,0.47418416
577,1778416058310,568.0,-0.14067894,0.9877406,0.1372641,3.6818376,-1.7487545,0.16676621
578,1778416058320,569.0,-0.16409494,1.0818924,0.18397415,3.8154643,-1.7869335,-0.15027285
579,1778416058330,570.0,-0.15067953,1.1712879,0.28794363,3.9382482,-1.7298176,-0.64461553
580,1778416058340,571.0,-0.15067953,1.1712879,0.28794363,3.9382482,-1.7298176,-0.64461553
581,1778416058350,572.0,-0.04988096,1.170739,0.5361288,3.8487566,-1.1496484,-1.6927075
582,1778416058360,573.0,0.049027253,1.1065279,0.6451596,3.5424075,-0.5691737,-2.217288
583,1778416058370,574.0,0.18110813,1.0865878,0.7337623,3.1097622,0.08078693,-2.6745207
584,1778416058380,575.0,0.38758358,1.0775019,0.8877348,2.6470318,0.84421575,-3.0639474
585,1778416058390,576.0,0.59412,1.0808557,0.9550557,2.2707388,1.4527903,-3.324787
586,1778416058400,577.0,0.9528605,1.0325602,1.065428,1.8868101,2.0880902,-3.5146132
587,1778416058410,578.0,1.308125,0.9476772,1.1735442,1.6195564,2.4755313,-3.4012976
588,1778416058420,579.0,1.823643,1.024511,1.2991002,1.4549283,2.730873,-2.956435
589,1778416058430,580.0,2.216044,1.2724524,1.387581,3.9573379,-1.6215417,-0.98837996
590,1778416058440,581.0,2.5885048,1.5350895,1.4789886,2.1372647,2.2858577,-2.8316658
591,1778416058450,582.0,3.0037727,1.7333329,1.5798483,3.0114129,1.5658003,-3.1926873
592,1778416058460,583.0,3.348183,1.6987578,1.7329061,3.9596286,0.7463246,-3.8469238
593,1778416058470,584.0,3.51612,1.4980142,1.8570595,4.242917,0.5021312,-4.3664646
594,1778416058480,585.0,3.5572197,1.302576,1.870231,4.084245,0.62598413,-4.6558623
595,1778416058490,586.0,3.5289254,1.007071,1.8113251,3.609908,1.0386237,-4.905095
596,1778416058500,587.0,3.4500182,0.740409,1.7436384,3.1685581,1.4509577,-5.006499
597,1778416058510,,,,,,,
598,1778416058520,588.0,3.2204926,0.4375865,1.5970445,2.711478,1.9672915,-5.0426927
599,1778416058530,589.0,2.903706,0.11982407,1.4595363,2.4179573,2.3440428,-5.0135236
600,1778416058540,590.0,2.5491123,-0.20178007,1.3679457,2.2832615,2.6656632,-4.846605
601,1778416058550,591.0,2.3188548,-0.3752658,1.3109912,2.254398,2.869692,-4.689307
602,1778416058560,592.0,1.9339542,-0.62284124,1.1626288,2.2840252,3.2012393,-4.347833
603,1778416058570,593.0,1.3294678,-1.0208522,0.76016635,2.43048,3.4345899,-3.7824776
604,1778416058580,594.0,1.3294678,-1.0208522,0.76016635,2.613587,3.445891,-3.189633
605,1778416058590,595.0,1.0603667,-1.1663485,0.54606843,2.770121,3.3366988,-2.6322184
606,1778416058600,596.0,0.6530869,-1.1681169,0.22848894,3.1277828,2.6535985,-1.2858714
607,1778416058610,597.0,0.5066149,-1.0881733,0.14683785,3.3134859,2.2017112,-0.64965516
608,1778416058620,598.0,0.40227956,-1.0013999,0.10927467,3.450014,1.8501581,-0.1328632
609,1778416058630,599.0,0.3286777,-0.9351155,0.07945585,3.499647,1.6788104,0.20173825
610,1778416058640,600.0,0.3286777,-0.9351155,0.07945585,3.499647,1.6788104,0.20173825
611,1778416058650,601.0,0.16433886,-0.83389014,-0.055247124,3.3754885,1.4204144,0.80573124
612,1778416058660,602.0,0.16433886,-0.83389014,-0.055247124,3.3754885,1.4204144,0.80573124
613,1778416058670,603.0,0.07305304,-0.7189444,-0.13098325,2.9611692,1.0574077,1.4370605
614,1778416058680,604.0,0.04914921,-0.6448547,-0.16250949,2.797152,0.93767816,1.6050484
615,1778416058690,605.0,0.04914921,-0.6448547,-0.16250949,2.637716,0.79152864,1.7531832
616,1778416058700,606.0,0.06951625,-0.5265551,-0.22312276,2.5674667,0.6556111,1.8478674
617,1778416058710,607.0,0.07915096,-0.5027732,-0.25489292,2.5807528,0.54702985,1.900249
618,1778416058720,608.0,0.08726119,-0.50624907,-0.2865411,2.613129,0.38881573,1.9523253
619,1778416058730,609.0,0.08726119,-0.50380987,-0.2948343,2.613129,0.38881573,1.9523253
620,1778416058740,610.0,0.1153116,-0.53314084,-0.32251883,2.6580274,0.19929479,2.0702224
621,1778416058750,611.0,0.1153116,-0.53314084,-0.32251883,2.6580274,0.19929479,2.0702224
622,1778416058760,612.0,0.13208087,-0.55076385,-0.36331388,2.6548204,0.16676621,2.1412354
623,1778416058770,613.0,0.1999507,-0.6138163,-0.41136545,2.4312437,0.18371773,2.3342688
624,1778416058780,614.0,0.1999507,-0.6138163,-0.41136545,2.4312437,0.18371773,2.3342688
625,1778416058790,615.0,0.3079448,-0.7133343,-0.40923122,1.8026633,0.45738536,2.6322184
626,1778416058800,616.0,0.3079448,-0.7133343,-0.40923122,1.3351988,0.66981375,2.8330402
627,1778416058810,617.0,0.5017366,-0.65784323,-0.37185097,0.9450085,0.8940013,2.9791899
628,1778416058820,618.0,0.6404032,-0.58430237,-0.36014298,0.43554693,1.1766791,3.1926873
629,1778416058830,619.0,0.94414043,-0.5757653,-0.34819105,-0.25457808,1.3614659,3.5828774
630,1778416058840,620.0,0.94414043,-0.5757653,-0.34819105,-0.7693848,1.3257303,3.9232821
631,1778416058850,621.0,1.6295464,-0.43825728,-0.28739482,-1.5677856,1.103528,4.636925
632,1778416058860,622.0,2.1918962,-0.2742843,-0.20245083,-2.0383046,0.61544675,5.42036
633,1778416058870,623.0,2.8290067,-0.032623854,-0.008781,-1.9149098,-0.16401732,6.21815
634,1778416058880,624.0,3.4508722,0.2587956,0.21379296,-1.4425583,-0.59712076,6.517474
635,1778416058890,625.0,3.8367481,0.76291037,0.4423429,-0.55680364,-0.7118107,6.23556
636,1778416058900,626.0,3.8391263,1.100796,0.47777176,0.19501872,-0.47739118,5.4562483
637,1778416058910,627.0,3.68241,1.2125098,0.4786255,0.82711154,-0.018020526,4.344474
638,1778416058920,628.0,3.3709896,1.1536648,0.4188659,1.0451905,0.7199047,3.408628
639,1778416058930,629.0,2.9846253,1.088722,0.19549921,1.0409144,1.4228579,2.6816983
640,1778416058940,630.0,2.6593015,1.0729895,-0.009939604,1.0231993,1.6928604,2.2075143
641,1778416058950,631.0,2.327514,1.051037,-0.16226557,1.0725267,1.7142406,1.7837266
642,1778416058960,632.0,1.890903,0.9931067,-0.29745638,1.210735,1.509448,1.2999213
643,1778416058970,633.0,1.4852697,0.90554065,-0.37422916,1.4300356,1.1113166,0.8921687
644,1778416058980,634.0,1.1322612,0.8015102,-0.3503863,1.6840028,0.6588182,0.6001751
645,1778416058990,635.0,0.8380977,0.7000409,-0.26794246,1.8597792,0.33093625,0.4120286
646,1778416059000,636.0,0.594242,0.64095205,-0.18543765,1.8892535,0.15347989,0.302531
647,1778416059010,637.0,0.43856218,0.6333906,-0.13177599,1.8128953,0.062155537,0.2443461
648,1778416059020,638.0,0.2815408,0.6570505,-0.06713806,1.662317,0.0025961774,0.14065172
649,1778416059030,639.0,0.18982814,0.6655266,0.00079272914,1.5202909,-0.023060163,0.027030786
650,1778416059040,640.0,0.097322755,0.67455155,0.1027499,1.3854424,0.0125227375,-0.1441642
651,1778416059050,641.0,0.047929626,0.67814934,0.1627534,1.3454307,0.08628472,-0.29535335
652,1778416059060,642.0,0.047929626,0.67814934,0.1627534,1.3842206,0.17760907,-0.47662762
653,1778416059070,643.0,-0.0042075627,0.6608312,0.26910108,1.4802792,0.2602286,-0.6218608
654,1778416059080,644.0,0.0023172083,0.63211006,0.30623737,1.7033978,0.40973786,-0.8503244
655,1778416059090,645.0,0.038172957,0.6276586,0.2720281,1.9553796,0.43249258,-1.0204504
656,1778416059100,646.0,0.09146875,0.6601605,0.20501198,2.2317963,0.28985557,-1.1824824
657,1778416059110,647.0,0.2206836,0.7321159,0.18025441,2.6456573,-0.062308256,-1.4453071
658,1778416059120,648.0,0.39142528,0.82864594,0.26269826,3.006526,-0.36713,-1.8261817
659,1778416059130,649.0,0.5382631,0.8920643,0.34691048,3.1963525,-0.47678033,-2.1830797
660,1778416059140,650.0,0.7519951,0.9077358,0.48222327,3.247207,-0.4277584,-2.5922067
661,1778416059150,651.0,0.88919824,0.95273846,0.5961933,3.1390839,-0.18845193,-2.8648052
662,1778416059160,652.0,1.0257305,1.047744,0.6549772,2.8597655,0.28099802,-3.173445
663,1778416059170,653.0,1.2600125,1.2201321,0.64528155,2.5642595,0.66966105,-3.4695618
664,1778416059180,,,,,,,
665,1778416059190,654.0,1.9637122,1.5741162,0.4853332,2.3203716,0.88193667,-3.852269
666,1778416059200,655.0,1.9637122,1.5741162,0.4853332,2.1313088,0.7693848,-4.244597
667,1778416059210,656.0,2.309403,1.7068679,0.46088055,1.9213239,0.28191432,-4.8230867
668,1778416059220,657.0,2.591188,1.6357052,0.58960754,1.6775887,-0.25488353,-5.237406
669,1778416059230,658.0,2.8607156,1.5061245,0.73144513,1.3581061,-0.6898196,-5.5138226
670,1778416059240,659.0,2.9783447,1.4403279,0.7868142,1.2649492,-0.8678868,-5.6257634
671,1778416059250,660.0,3.1249385,1.3087958,0.9004184,1.1658363,-1.0627528,-5.7167826
672,1778416059260,661.0,3.1858566,1.1584213,1.0514028,1.0885619,-0.959822,-5.7354136
673,1778416059270,662.0,2.9577947,0.6736979,1.0634767,0.752586,0.06612616,-5.5984273
674,1778416059280,663.0,2.9577947,0.6736979,1.0634767,0.752586,0.06612616,-5.5984273
675,1778416059290,664.0,2.3751385,0.13354437,0.7916316,0.3034473,1.2362386,-4.991533
676,1778416059300,665.0,2.3751385,0.13354437,0.7916316,0.3034473,1.2362386,-4.991533
677,1778416059310,666.0,1.6148503,-0.31526232,0.53936076,0.4269948,1.5157094,-3.9474113
678,1778416059320,667.0,1.6148503,-0.31526232,0.53936076,0.7484626,1.5346462,-3.2336152
679,1778416059330,668.0,1.3332485,-0.45008725,0.51789606,0.7484626,1.5346462,-3.2336152
680,1778416059340,669.0,0.7544343,-0.75089747,0.49801686,1.5462526,1.7901406,-1.8402315
681,1778416059350,670.0,0.5573496,-0.819621,0.41112155,1.5462526,1.7901406,-1.8402315
682,1778416059360,671.0,0.5573496,-0.819621,0.41112155,1.9358319,1.9497292,-1.1844677
683,1778416059370,672.0,0.22446433,-0.9369449,0.0954324,2.8848112,2.104278,0.3381139
684,1778416059380,673.0,0.16226557,-0.95328736,-0.037014354,3.1803172,2.0076087,0.82818055
685,1778416059390,674.0,0.11622629,-0.9301152,-0.172693,3.415195,1.7869335,1.2831224
686,1778416059400,675.0,0.110067405,-0.8965767,-0.24050182,3.4758232,1.4876096,1.5781704
687,1778416059410,676.0,0.11457986,-0.8741364,-0.2294646,3.360828,1.2505939,1.7429513
688,1778416059420,677.0,0.10701844,-0.8599282,-0.19062088,3.1232014,1.1325442,1.8234328
689,1778416059430,678.0,0.085309856,-0.8598672,-0.14866722,2.8735101,1.1279627,1.8480201
690,1778416059440,679.0,0.06640632,-0.889991,-0.120738745,2.5867088,1.188591,1.8777997
691,1778416059450,680.0,0.053112853,-0.94017684,-0.12134854,2.1940753,1.2921327,1.9883664
692,1778416059460,681.0,0.029513916,-0.9753008,-0.15409435,1.8106046,1.3556627,2.1734586
693,1778416059470,682.0,0.029513916,-0.9753008,-0.15409435,1.8106046,1.3556627,2.1734586
694,1778416059480,683.0,0.009207855,-0.9432867,-0.22379355,1.0555751,1.3720033,2.6032023
695,1778416059490,684.0,0.007683375,-0.9062724,-0.24733151,0.7476991,1.3327552,2.7627907
696,1778416059500,685.0,0.0064637917,-0.8323047,-0.31635994,0.36285394,1.2227995,2.9341385
697,1778416059510,686.0,0.018476687,-0.78467995,-0.3644115,0.033292156,1.0377073,3.0790663
698,1778416059520,687.0,0.07195542,-0.76431286,-0.4114874,-0.19914207,0.8507826,3.2279646
699,1778416059530,688.0,0.15555786,-0.73864067,-0.45856333,-0.32650748,0.7031059,3.3183727
700,1778416059540,689.0,0.26300314,-0.7388236,-0.5017976,-0.3839288,0.573297,3.3603697
701,1778416059550,690.0,0.4982608,-0.75431234,-0.61345047,-0.45280385,0.30955598,3.4107661
702,1778416059560,691.0,0.86480653,-0.5857659,-0.7680936,-0.6038403,-0.19990565,3.2940907
703,1778416059570,692.0,0.86480653,-0.5857659,-0.7680936,-0.6038403,-0.19990565,3.2940907
704,1778416059580,693.0,1.5728357,-0.49155307,-0.65266,-1.0651963,-1.3649784,3.0854805
705,1778416059590,694.0,2.1202457,-0.5010049,-0.28593132,-1.4672983,-1.4555391,3.5689802
706,1778416059600,695.0,2.5338063,-0.3538621,-0.12537317,-1.8721492,-1.3432927,4.2571197
707,1778416059610,696.0,3.0544465,0.015183813,0.104396336,-2.348166,-1.0461067,5.132337
708,1778416059620,697.0,3.4531283,0.4030723,0.21391493,-2.648559,-0.66813385,5.5579576
709,1778416059630,698.0,3.9029717,0.76022726,0.33947104,-2.8736627,-0.29168814,5.7528234
710,1778416059640,699.0,4.2248197,1.1833007,0.46703944,-2.9914072,0.4457789,5.445558
711,1778416059650,700.0,4.2013426,1.5172837,0.50356597,-2.8038714,1.007775,4.6944995
712,1778416059660,701.0,4.058956,1.6746709,0.43356186,-2.3538165,1.2305881,3.9622247
713,1778416059670,702.0,3.7480845,1.8345582,0.295627,-1.4124732,1.1213958,2.918714
714,1778416059680,703.0,3.2442746,1.8794999,0.13622746,-0.24449882,0.6443101,1.7218764
715,1778416059690,704.0,2.7933948,1.7802869,0.07482144,0.8352055,0.01450805,0.6420194
716,1778416059700,705.0,2.2119584,1.5731405,0.08067544,1.4393512,-0.3313944,0.0016798794
717,1778416059710,706.0,1.7851651,1.3858125,0.08677336,1.7595973,-0.47326785,-0.52305335
718,1778416059720,707.0,1.3226992,1.1999481,0.08427321,1.6887369,-0.39461896,-0.7484626
719,1778416059730,708.0,0.9839599,1.0651841,0.05866196,1.3020593,-0.16814066,-0.84711736
720,1778416059740,709.0,0.8009614,1.0038391,0.039758418,0.89476484,0.03313944,-0.8194757
721,1778416059750,710.0,0.65766037,1.0044488,0.040307228,0.49098295,0.20173825,-0.7809912
722,1778416059760,711.0,0.48197934,1.0441463,0.072321296,0.094225965,0.37384954,-0.88315845
723,1778416059770,712.0,0.38368094,1.0349995,0.10293283,0.044135015,0.4465425,-1.0929906
724,1778416059780,713.0,0.2912365,1.0195717,0.1334834,0.21013765,0.43218717,-1.3356569
725,1778416059790,714.0,0.22354963,0.9938384,0.16409494,0.4298964,0.39721513,-1.5459472
726,1778416059800,715.0,0.16994894,0.9378596,0.1864743,0.7677049,0.3277292,-1.802816
727,1778416059810,716.0,0.15970443,0.8560255,0.21525647,1.1301007,0.2509129,-2.0352502
728,1778416059820,717.0,0.15189911,0.8204747,0.22812307,1.341002,0.22556199,-2.172084
729,1778416059830,,,,,,,
730,1778416059840,718.0,0.16689998,0.74254334,0.24123359,1.6896533,0.21762075,-2.4740043
731,1778416059850,719.0,0.20982932,0.6927843,0.26178357,1.8408424,0.24327709,-2.656653
732,1778416059860,720.0,0.245868,0.6572335,0.27550387,1.9184223,0.33444872,-2.8371637
733,1778416059870,721.0,0.31446958,0.61765796,0.26964986,1.9399554,0.47647488,-3.07815
734,1778416059880,722.0,0.480028,0.550276,0.26160064,1.9014708,0.8324566,-3.495829
735,1778416059890,723.0,0.6104625,0.52234757,0.2437947,1.8500054,0.97142845,-3.6161695
736,1778416059900,724.0,0.7651666,0.54808074,0.26300314,1.749518,1.1178834,-3.6822958
737,1778416059910,725.0,0.9599951,0.6737588,0.27952853,1.6598736,1.2545645,-3.7533088
738,1778416059920,726.0,0.9599951,0.6737588,0.27952853,1.6598736,1.2545645,-3.7533088
739,1778416059930,727.0,1.3633112,0.99463123,0.2819067,1.4990633,1.4434745,-4.3032403
740,1778416059940,728.0,1.3633112,0.99463123,0.2819067,1.4990633,1.4434745,-4.3032403
741,1778416059950,729.0,1.4926481,1.0798191,0.2891632,1.5370897,1.4081972,-4.6108108
742,1778416059960,730.0,1.6386932,1.1450667,0.3193479,1.6397151,1.2893838,-4.821254
743,1778416059970,731.0,1.9693222,1.2179369,0.3225798,1.8251126,1.0290025,-4.9422054
744,1778416059980,732.0,1.9448086,1.2809284,0.35483778,1.996613,0.56245416,-4.987409
745,1778416059990,733.0,2.0035925,1.1025034,0.38831535,2.0372355,-0.43035457,-5.0712504
746,1778416060000,734.0,2.0649376,0.8698068,0.5621669,1.7675385,-0.8147415,-4.757113
747,1778416060010,735.0,2.0184104,0.77906984,0.7341282,1.4301883,-0.8020661,-4.4122796
748,1778416060020,736.0,1.8805366,0.68339354,0.8689531,0.9407325,-0.38072178,-3.993226
749,1778416060030,737.0,1.7804087,0.53192127,0.8877957,0.52290064,0.23075435,-3.5488217
750,1778416060040,738.0,1.563201,0.25812483,0.8561475,0.310625,0.8593347,-3.0699034
751,1778416060050,739.0,1.563201,0.25812483,0.8561475,0.310625,0.8593347,-3.0699034
752,1778416060060,740.0,1.1204313,-0.0807974,0.5952786,0.419359,1.5451837,-2.3003657
753,1778416060070,741.0,0.857733,-0.27885774,0.40624323,0.7147123,1.5969545,-1.6694947
754,1778416060080,742.0,0.6304027,-0.40380403,0.24196534,1.1166617,1.421178,-0.91507614
755,1778416060090,743.0,0.44240385,-0.45606318,0.1039085,1.1166617,1.421178,-0.91507614
756,1778416060100,744.0,0.3477642,-0.46880785,0.009939604,1.8596265,0.70249504,0.53969944
757,1778416060110,745.0,0.3047129,-0.47472283,-0.017562,2.005776,0.43279803,1.0041097
758,1778416060120,746.0,0.2842239,-0.47368616,-0.022379354,2.0352502,0.24098633,1.3852897
759,1778416060130,747.0,0.2762356,-0.48478436,0.033172667,1.90086,0.1779145,1.8220583
760,1778416060140,748.0,0.2734306,-0.51106644,0.071772486,1.7499762,0.3199407,2.0538816
761,1778416060150,749.0,0.2734306,-0.51106644,0.071772486,1.7499762,0.3199407,2.0538816
762,1778416060160,750.0,0.28617525,-0.5617401,0.09488358,1.5410603,0.64919704,2.3194554
763,1778416060170,751.0,0.2936757,-0.64704996,0.07884607,1.3753631,0.9842566,2.5357015
764,1778416060180,752.0,0.29568797,-0.71559054,-0.06183288,1.0015136,1.4773777,3.0749428
765,1778416060190,753.0,0.31946984,-0.71412706,-0.078480184,0.80924374,1.5532776,3.2201762
766,1778416060200,754.0,0.34087354,-0.68985736,-0.09713981,0.6097962,1.6230689,3.2491922
767,1778416060210,755.0,0.34471524,-0.6304636,-0.13549572,0.4636467,1.6348281,3.1858149
768,1778416060220,756.0,0.2909316,-0.55302006,-0.19360885,0.2843578,1.5946637,2.9843822
769,1778416060230,757.0,0.24428254,-0.54820275,-0.25916147,0.11056661,1.450805,2.7889054
770,1778416060240,758.0,0.20397532,-0.56045955,-0.30953026,0.027794369,1.3040446,2.7259862
771,1778416060250,759.0,0.14775252,-0.6098527,-0.41264603,-0.076358154,0.97173387,2.7081184
772,1778416060260,760.0,0.14775252,-0.6098527,-0.41264603,-0.076358154,0.97173387,2.7081184
773,1778416060270,761.0,0.15757017,-0.66461194,-0.47167388,-0.15195273,0.52122074,2.8012753
774,1778416060280,762.0,0.2759917,-0.61064535,-0.49673632,-0.19608775,-0.29016098,3.1137328
775,1778416060290,763.0,0.40221858,-0.5425316,-0.5277747,-0.21319197,-0.6169739,3.164893
776,1778416060300,764.0,0.629305,-0.4253297,-0.5726553,-0.29733866,-0.9204212,3.068529
777,1778416060310,765.0,0.8212674,-0.27794304,-0.6491842,-0.42485678,-1.1743884,2.8247936
778,1778416060320,766.0,1.1580554,-0.09262736,-0.7220543,-0.6919576,-1.6711746,2.3642013
779,1778416060330,767.0,1.5768603,-0.023598937,-0.64186674,-1.0115929,-2.254398,2.048384
780,1778416060340,768.0,1.9346861,0.032014064,-0.47374716,-1.2121093,-2.6537514,2.125811
781,1778416060350,769.0,2.2520826,0.21592724,-0.25373432,-1.2774719,-2.839149,2.3634377
782,1778416060360,770.0,2.6729608,0.5353971,0.015610667,-1.2084441,-2.711478,2.6493225
783,1778416060370,771.0,3.070179,0.8942595,0.2333063,-1.1545353,-2.1907156,2.878397
784,1778416060380,772.0,3.3861732,1.2698911,0.29940772,-1.2191343,-1.4075862,3.0024028
785,1778416060390,773.0,3.676434,1.4738055,0.25721014,-1.4204144,-0.57910025,2.999501
786,1778416060400,774.0,3.8576033,1.5988127,0.18671821,-1.7073684,0.14492778,2.8774807
787,1778416060410,775.0,3.9058375,1.8301067,0.08738314,-1.9237673,0.5897904,2.573117
788,1778416060420,776.0,3.6974108,1.9803593,0.0687845,-2.1006129,0.98853266,1.8805487
789,1778416060430,777.0,3.3608057,1.961212,0.11293342,-2.10214,1.2814425,1.1823297
790,1778416060440,778.0,3.053227,1.8747436,0.13506886,-1.9511036,1.5758796,0.46303585
791,1778416060450,779.0,3.053227,1.8747436,0.13506886,-1.9511036,1.5758796,0.46303585
792,1778416060460,780.0,1.7457726,1.2104975,-0.093907915,-0.9466884,1.8993328,-0.8190176
793,1778416060470,781.0,1.2400113,0.8863932,-0.28757775,-0.2857322,1.5699236,-1.0073168
794,1778416060480,782.0,0.85322046,0.65003794,-0.42087823,0.30482176,0.97219205,-0.91981035
795,1778416060490,783.0,0.57411885,0.53960466,-0.436184,0.7122689,0.32360587,-0.6814202
796,1778416060500,784.0,0.41935372,0.5173473,-0.38294917,0.8596401,-0.084910266,-0.50243664
797,1778416060510,785.0,0.29373667,0.5508248,-0.29026082,0.86299986,-0.36102137,-0.3633121
798,1778416060520,786.0,0.20653644,0.6036937,-0.20513393,0.7150178,-0.42531493,-0.3277292
799,1778416060530,787.0,0.15092343,0.6399154,-0.14775252,0.5366451,-0.3652974,-0.36865717
800,1778416060540,,,,,,,
801,1778416060550,788.0,0.09713981,0.68339354,-0.09768862,0.2950479,-0.21319197,-0.474795
802,1778416060560,789.0,0.050063897,0.70302886,-0.07134563,0.07971791,-0.041996986,-0.6412558
803,1778416060570,790.0,0.011220166,0.6796738,-0.03945352,-0.041080687,0.08399397,-0.7806858
804,1778416060580,791.0,-0.006219875,0.63058555,-0.0035977708,-0.11789699,0.24358252,-0.91782504
805,1778416060590,792.0,-0.0018293752,0.5550324,0.026525937,0.006414085,0.4961753,-1.1255192
806,1778416060600,793.0,0.031770147,0.54240966,0.03664848,0.15989397,0.54473907,-1.2163854
807,1778416060610,794.0,0.06597946,0.55552024,0.042807378,0.4277584,0.59742624,-1.3889549
808,1778416060620,795.0,0.11366516,0.54667825,0.03292875,0.75915277,0.6426302,-1.6308575
809,1778416060630,796.0,0.18080322,0.5383241,0.010366458,1.0546589,0.6397286,-1.8038851
810,1778416060640,797.0,0.28202865,0.5552153,-0.021220751,1.438435,0.590554,-1.9755383
811,1778416060650,798.0,0.28202865,0.5552153,-0.021220751,1.438435,0.590554,-1.9755383
812,1778416060660,799.0,0.35563052,0.5814974,-0.027501604,1.6459764,0.549626,-2.0570886
813,1778416060670,800.0,0.52015233,0.70760226,-0.030855458,1.9650007,0.4886922,-2.2672265
814,1778416060680,801.0,0.6422326,0.81760865,-0.038294915,2.0838141,0.44944412,-2.4984388
815,1778416060690,802.0,0.80138826,0.91304106,-0.027806502,2.0415115,0.37965274,-2.6914723
816,1778416060700,803.0,1.1360419,1.2015945,0.096651986,1.6757561,0.35979962,-2.86282
817,1778416060710,804.0,1.293917,1.4146557,0.17848602,1.42973,0.45753807,-3.1367931
818,1778416060720,805.0,1.4571582,1.4643537,0.24666072,1.2021828,0.56489766,-3.5159876
819,1778416060730,806.0,1.6163747,1.4448404,0.31038398,1.0401508,0.6235407,-3.73819
820,1778416060740,807.0,1.7461994,1.4170339,0.3518498,0.91828316,0.6554584,-3.9327505
821,1778416060750,808.0,1.800288,1.3926421,0.36203334,0.9014844,0.591623,-4.007276
822,1778416060760,809.0,1.800288,1.3926421,0.36203334,0.9014844,0.591623,-4.007276
823,1778416060770,810.0,1.9100505,1.2435482,0.4378914,0.9818132,0.3390302,-4.0671406
824,1778416060780,811.0,1.9100505,1.2435482,0.4378914,1.2405146,-0.08078693,-4.028809
825,1778416060790,812.0,1.9295638,1.0657939,0.50942,1.6696475,-0.75243324,-3.6694674
826,1778416060800,813.0,1.8865734,0.91767544,0.5440562,1.7536414,-0.8359691,-3.467271
827,1778416060810,814.0,1.7985196,0.7720573,0.5511297,1.715615,-0.78022766,-3.174514
828,1778416060820,815.0,1.689123,0.6663194,0.5433854,1.5711454,-0.6093381,-2.926808
829,1778416060830,816.0,1.5049659,0.52466476,0.5342385,1.2631166,-0.24449882,-2.6418395
830,1778416060840,817.0,1.2827578,0.368802,0.5048465,0.89629203,0.23396139,-2.3632848
831,1778416060850,818.0,1.1000032,0.25239277,0.47222266,0.623388,0.6383542,-2.117717
832,1778416060860,819.0,0.9343838,0.1408009,0.43801335,0.4147775,1.0315987,-1.845882
833,1778416060870,820.0,0.9343838,0.1408009,0.43801335,0.4147775,1.0315987,-1.845882
834,1778416060880,821.0,0.54466593,-0.122507155,0.22653762,0.26374108,1.4775304,-1.4521794
835,1778416060890,822.0,0.41252404,-0.20117027,0.07378479,0.2576324,1.8083138,-0.91446525
836,1778416060900,823.0,0.3339829,-0.26416174,-0.011647021,0.5908594,1.6800321,-0.14844026
837,1778416060910,824.0,0.2587956,-0.34709343,-0.09061504,0.8437576,1.3712398,0.22052236
838,1778416060920,825.0,0.21525647,-0.39971846,-0.09793254,1.0183123,1.0942124,0.4802928
839,1778416060930,826.0,0.19092578,-0.4454528,-0.06597946,1.1658363,0.81245077,0.7304421
840,1778416060940,827.0,0.18287653,-0.4853332,-0.014147166,1.255328,0.6962337,0.8872818
841,1778416060950,828.0,0.16732684,-0.5271649,0.010000584,1.2710578,0.7263188,0.98990715
842,1778416060960,829.0,0.15311868,-0.5515566,0.008293167,1.2426527,0.7651087,1.0341948
843,1778416060970,830.0,0.15311868,-0.5515566,0.008293167,1.2426527,0.7651087,1.0341948
844,1778416060980,831.0,0.042990312,-0.61156005,-0.060491335,1.0019717,0.8773552,1.1591167
845,1778416060990,832.0,-0.04329521,-0.63790303,-0.13153206,0.8900307,0.84788096,1.2741122
846,1778416061000,833.0,-0.08860273,-0.6594897,-0.21196358,0.8022188,0.71685034,1.4277447
847,1778416061010,834.0,-0.11177482,-0.67223436,-0.25708818,0.65026605,0.4392121,1.6759088
848,1778416061020,835.0,-0.10354263,-0.6678439,-0.26147866,0.47525316,0.20631973,1.8976529
849,1778416061030,836.0,-0.043783043,-0.64052516,-0.21861032,0.17073683,-0.015118915,2.151162
850,1778416061040,837.0,0.01323248,-0.5916809,-0.15147226,-0.17348573,-0.08552113,2.346639
851,1778416061050,838.0,0.07012604,-0.52686,-0.120007,-0.46395215,0.0016798794,2.4769058
852,1778416061060,839.0,0.09311519,-0.48204032,-0.12086072,-0.59391373,0.09896017,2.5199718
853,1778416061070,840.0,0.12214127,-0.43978173,-0.16933915,-0.77106464,0.26511553,2.5476136
854,1778416061080,841.0,0.19531627,-0.45118487,-0.24300198,-0.929126,0.36483926,2.5763242
855,1778416061090,842.0,0.3170307,-0.4475871,-0.35880142,-1.0387764,0.3643811,2.6532931
856,1778416061100,,,,,,,
857,1778416061110,843.0,0.5026513,-0.39630362,-0.4852722,-1.1345295,0.1525636,2.7824912
858,1778416061120,844.0,0.77675265,-0.24257512,-0.5164326,-1.2615894,-0.18081611,2.8909197
859,1778416061130,845.0,1.0672574,-0.12525122,-0.46764925,-1.4355333,-0.45234573,2.9987376
860,1778416061140,846.0,1.4820378,0.025794188,-0.3489838,-1.7521143,-0.6797403,3.2597296
861,1778416061150,847.0,1.8425466,0.14122775,-0.24592897,-2.084883,-0.7405214,3.6103663
862,1778416061160,848.0,2.3312335,0.32977533,-0.08738314,-2.5937338,-0.7351763,4.166101
863,1778416061170,849.0,2.6724122,0.5173473,0.011829958,-2.978579,-0.6363689,4.562858
864,1778416061180,850.0,3.2331765,0.6934551,0.0831146,-3.2699616,-0.6189592,5.010011
865,1778416061190,851.0,3.9655364,1.1057353,0.3327633,-3.2302554,-0.68310004,5.266422
866,1778416061200,852.0,3.9233997,1.2180588,0.42228076,-2.1923954,-0.409127,4.567592
867,1778416061210,853.0,3.9233997,1.2180588,0.42228076,-2.1923954,-0.409127,4.567592
868,1778416061220,854.0,3.2384818,1.3287971,0.18043736,-0.95188075,0.09514226,3.3654094
869,1778416061230,855.0,2.7566853,1.2547073,-0.008963938,-0.37308595,0.012217305,2.8247936
870,1778416061240,856.0,2.3039148,1.1876912,-0.0705529,0.12095132,-0.21135938,2.381458
871,1778416061250,857.0,2.3039148,1.1876912,-0.0705529,0.12095132,-0.21135938,2.381458
872,1778416061260,858.0,1.5992396,0.9341399,-0.13110521,0.87857693,-0.35445455,1.8022052
873,1778416061270,859.0,1.5992396,0.9341399,-0.13110521,0.87857693,-0.35445455,1.8022052
874,1778416061280,860.0,1.3375171,0.8557816,-0.18171792,1.0629056,-0.39400807,1.6914859
875,1778416061290,861.0,1.0823803,0.82620674,-0.20586567,1.0786353,-0.4279111,1.5822937
876,1778416061300,862.0,0.9001745,0.81077904,-0.19001108,0.8738427,-0.4098906,1.4718798
877,1778416061310,863.0,0.7596175,0.80760807,-0.1378739,0.5335908,-0.3031419,1.3616186
878,1778416061320,864.0,0.5721675,0.8055348,-0.010671355,-0.019242255,0.054367006,1.0557278
879,1778416061330,865.0,0.49429715,0.7871801,0.025184397,-0.106137834,0.28863382,0.8367327
880,1778416061340,866.0,0.3714241,0.7497389,0.034148335,-0.02855795,0.45341474,0.62690043
881,1778416061350,867.0,0.27471116,0.72394466,0.0059759584,0.14935656,0.50793445,0.42821655
882,1778416061360,868.0,0.19915795,0.72059083,0.002866021,0.32467487,0.47907108,0.2648101
883,1778416061370,869.0,0.1197021,0.717237,0.0022562293,0.5010622,0.42149702,0.09789115
884,1778416061380,870.0,0.038904708,0.72705466,0.014635001,0.7154759,0.3200934,-0.10629055
885,1778416061390,871.0,-0.01603752,0.74272627,0.03079448,0.9421069,0.22953261,-0.32528573
886,1778416061400,872.0,-0.044270877,0.7471777,0.043051295,0.9421069,0.22953261,-0.32528573
887,1778416061410,873.0,-0.051039565,0.7306524,0.06067427,1.3684908,0.14752395,-0.70661837
888,1778416061420,874.0,-0.052381106,0.71845657,0.07774844,1.551445,0.18509217,-0.8698721
889,1778416061430,875.0,-0.029026084,0.72870106,0.07323598,1.6945401,0.26145032,-1.0351112
890,1778416061440,876.0,0.008110229,0.72870106,0.086712375,1.760361,0.33215797,-1.1727085
891,1778416061450,877.0,0.08482202,0.7213836,0.124885336,1.7585284,0.50579643,-1.3315336
892,1778416061460,878.0,0.19647488,0.74711674,0.12287302,1.6891952,0.7304421,-1.4871514
893,1778416061470,879.0,0.29251707,0.81327915,0.10122541,1.6142114,0.8526152,-1.6586518
894,1778416061480,880.0,0.44130626,0.89017385,0.0918956,1.5438092,0.8903361,-1.9197967
895,1778416061490,881.0,0.6190605,1.0031683,0.11537258,1.536937,0.8202393,-2.2061398
896,1778416061500,882.0,0.8474884,1.1625679,0.2025728,1.5500705,0.6789767,-2.517223
897,1778416061510,883.0,1.0510979,1.2654397,0.31892106,1.5435038,0.5656612,-2.7351491
898,1778416061520,884.0,1.3925203,1.3795927,0.48722354,1.5499178,0.49434268,-2.9029844
899,1778416061530,885.0,1.7665056,1.5097222,0.64211065,1.6161968,0.46379945,-3.046843
900,1778416061540,886.0,2.0121295,1.5583836,0.71339524,1.6946929,0.48747048,-3.2285755
901,1778416061550,887.0,2.3526373,1.4733176,0.70924866,1.8332067,0.45280385,-3.4222198
902,1778416061560,888.0,2.6894252,1.3686163,0.6575384,1.9857702,0.21074851,-3.430161
903,1778416061570,889.0,2.8699236,1.3245285,0.61674327,2.0981693,-0.12873985,-3.4035885
904,1778416061580,890.0,3.1510985,1.2342184,0.6415009,2.1470387,-0.52213705,-3.491553
905,1778416061590,891.0,3.214212,1.1225046,0.638086,1.975691,-0.6310238,-3.7029123
906,1778416061600,892.0,3.2061627,0.9198098,0.6665633,1.592373,-0.51083606,-3.891059
907,1778416061610,893.0,3.0887778,0.7010775,0.684857,1.2090551,-0.1685988,-3.9661953
908,1778416061620,894.0,2.8308969,0.42691517,0.6889427,0.7096727,0.4961753,-3.9504654
909,1778416061630,895.0,2.458558,0.18720604,0.60857207,0.29917124,1.2788464,-3.860821
910,1778416061640,896.0,2.1266484,0.019147458,0.5052734,0.051465396,1.9906571,-3.6871827
911,1778416061650,897.0,1.7232103,-0.15927759,0.3327633,0.0050396384,2.3709207,-3.4622314
912,1778416061660,898.0,1.3631283,-0.3114816,0.14482552,0.12156218,2.5271494,-3.0557008
913,1778416061670,899.0,1.106345,-0.3904496,0.010061563,0.34330627,2.398257,-2.6445885
914,1778416061680,900.0,0.8404149,-0.42173192,-0.11762882,0.7283041,2.0019581,-2.129018
915,1778416061690,901.0,0.5552153,-0.44679436,-0.11640923,1.1212431,1.442711,-1.6762142
916,1778416061700,,,,,,,
917,1778416061710,902.0,0.5552153,-0.44679436,-0.11640923,1.3849843,1.0577132,-1.4004086
918,1778416061720,903.0,0.41167036,-0.4850893,-0.060186442,1.6111571,0.7104363,-1.1462886
919,1778416061730,904.0,0.2967856,-0.55411774,-0.0073175007,1.7461584,0.515723,-0.88117313
920,1778416061740,905.0,0.15939954,-0.6372933,0.034087352,1.9862283,0.52656585,-0.28512135
921,1778416061750,906.0,0.15939954,-0.6372933,0.034087352,1.9862283,0.52656585,-0.28512135
922,1778416061760,907.0,0.11293342,-0.64851344,0.00804925,2.0690005,0.5708536,-0.041233405
923,1778416061770,908.0,0.042624436,-0.6963821,-0.085309856,2.1229095,0.57910025,0.36575556
924,1778416061780,909.0,0.042624436,-0.6963821,-0.085309856,2.1229095,0.57910025,0.36575556
925,1778416061790,910.0,-0.002134271,-0.71016335,-0.15067953,2.048842,0.48181996,0.54000485
926,1778416061800,911.0,-0.020915855,-0.72144455,-0.19677977,1.8988746,0.34880406,0.66248333
927,1778416061810,912.0,-0.018598646,-0.6873572,-0.22812307,1.4909693,-0.028710667,0.86422163
928,1778416061820,913.0,0.0035977708,-0.6512575,-0.19970676,1.1908818,-0.2237294,0.92072666
929,1778416061830,914.0,0.037563168,-0.6399763,-0.13958131,0.8593347,-0.32925636,0.95707315
930,1778416061840,915.0,0.059820563,-0.6340004,-0.08378538,0.59788436,-0.31566462,0.9975429
931,1778416061850,916.0,0.06823569,-0.62424374,-0.061954834,0.37110063,-0.21319197,1.0673343
932,1778416061860,917.0,0.06274756,-0.6174751,-0.08585867,0.20082195,-0.067500606,1.1756102
933,1778416061870,918.0,0.06274756,-0.6174751,-0.08585867,0.20082195,-0.067500606,1.1756102
934,1778416061880,919.0,0.079516836,-0.6107673,-0.14964288,0.059406646,0.104610674,1.3755158
935,1778416061890,920.0,0.15488708,-0.6086331,-0.27154022,-0.082161374,0.2574797,1.6843082
936,1778416061900,921.0,0.269345,-0.57478964,-0.38215643,-0.1742493,0.27137688,1.9274325
937,1778416061910,922.0,0.70357764,-0.31074983,-0.76431286,-0.61621034,-0.4100433,2.4081836
938,1778416061920,923.0,1.0521955,-0.17879093,-0.70266294,-1.0080804,-1.1181889,2.7059803
939,1778416061930,924.0,1.3900201,-0.06768687,-0.5582033,-1.2985468,-1.5664113,3.0385964
940,1778416061940,925.0,1.8481566,0.06219875,-0.2595883,-1.5865698,-1.7876972,3.4730744
941,1778416061950,926.0,2.1943352,0.17940071,-0.01396423,-1.8127426,-1.6006197,3.7936258
942,1778416061960,927.0,2.6396053,0.4621611,0.19714566,-2.1400137,-0.91981035,4.1479278
943,1778416061970,928.0,2.8355923,0.6180239,0.22854991,-2.2508857,-0.5319109,4.2487206
944,1778416061980,929.0,3.1221945,0.8463909,0.22708642,-2.3051,-0.01786781,4.2255077
945,1778416061990,930.0,3.2545803,0.9725567,0.24141651,-2.068848,0.38835758,3.834554
946,1778416062000,931.0,3.2423842,0.99060655,0.22287886,-1.7020233,0.58169645,3.5216382
947,1778416062010,932.0,3.0712156,1.0426219,0.10110346,-1.0465649,0.66599584,3.152981
948,1778416062020,933.0,2.7872968,1.0552444,-0.03652652,-0.28527406,0.590554,2.7769935
949,1778416062030,934.0,2.4715466,1.0162178,-0.17860797,0.42562035,0.36346483,2.4269676
950,1778416062040,935.0,2.2176294,0.9860941,-0.25824678,0.86819226,0.13545936,2.1774292
951,1778416062050,936.0,1.9623096,0.9340179,-0.31245726,0.86819226,0.13545936,2.1774292
952,1778416062060,937.0,1.5998495,0.8070593,-0.31709167,1.3238977,-0.30741793,1.669342
953,1778416062070,938.0,1.366909,0.72400564,-0.27928457,1.2947289,-0.35430184,1.559539
954,1778416062080,939.0,1.1642752,0.6540625,-0.23141594,1.180497,-0.2753475,1.5007432
955,1778416062090,940.0,0.9459698,0.5850951,-0.193182,0.94027436,-0.05085453,1.4790574
956,1778416062100,941.0,0.77882594,0.5379582,-0.17281497,0.6568329,0.21471913,1.4957036
957,1778416062110,942.0,0.65936774,0.53515315,-0.17379062,0.39385536,0.44303003,1.5109752
958,1778416062120,943.0,0.5493003,0.55326396,-0.17159538,0.19914207,0.6032294,1.4703526
959,1778416062130,944.0,0.46356362,0.5674721,-0.16793664,0.09697486,0.67256266,1.3942999
960,1778416062140,945.0,0.35404503,0.5973519,-0.14531335,0.035124753,0.7005097,1.2615894
961,1778416062150,946.0,0.26355198,0.62375593,-0.12860507,0.055283304,0.6919576,1.0998629
962,1778416062160,947.0,0.18799877,0.646745,-0.13330047,0.107359566,0.6421721,1.0025826
963,1778416062170,948.0,0.095920235,0.66388017,-0.13452004,0.31047225,0.42394048,0.81306165
964,1778416062180,949.0,0.047868647,0.65759933,-0.09781059,0.49632803,0.26007587,0.6995934
965,1778416062190,950.0,0.004817354,0.66070926,-0.040795065,0.73914695,0.0729984,0.5757405
966,1778416062200,951.0,-0.014208145,0.68424726,0.033111688,1.0114402,-0.041996986,0.4578435
967,1778416062210,952.0,-0.020732917,0.75205606,0.066772185,1.3162619,-0.08475755,0.27855456
968,1778416062220,953.0,-0.010915271,0.8129743,0.051283482,1.6542231,-0.14095716,0.019394971
969,1778416062230,954.0,0.012927583,0.84267116,0.038355898,1.9230038,-0.23167065,-0.22327125
970,1778416062240,955.0,0.06927233,0.8729168,0.0734799,2.2020166,-0.30207285,-0.54305923
971,1778416062250,956.0,0.15964346,0.8996867,0.10457927,2.3674083,-0.2657264,-0.88361657
972,1778416062260,957.0,0.20995127,0.9040772,0.12336086,2.3851233,-0.20922135,-1.0867293
973,1778416062270,958.0,0.447892,0.9751788,0.20178007,2.2768476,0.002443461,-1.4891367
974,1778416062280,959.0,0.59899837,1.0609765,0.25275865,2.1284072,0.18280143,-1.7699821
975,1778416062290,960.0,0.8322436,1.1818373,0.3503863,1.8472565,0.44593164,-2.138792
976,1778416062300,961.0,1.0894538,1.2822698,0.4563681,1.5231925,0.79137594,-2.4776695
977,1778416062310,,,,,,,
978,1778416062320,962.0,1.3614819,1.3187965,0.5499711,1.2099713,1.2139419,-2.7406468
979,1778416062330,963.0,1.7493094,1.2512316,0.54551965,0.8929323,1.4966198,-2.833651
980,1778416062340,964.0,2.0909147,1.2183027,0.5439342,0.7093673,1.4915802,-2.7536278
981,1778416062350,965.0,2.2401307,1.2328159,0.5544836,0.65484756,1.3736832,-2.6687176
982,1778416062360,966.0,2.745038,1.3494691,0.58497316,0.82711154,0.8011498,-2.705522
983,1778416062370,967.0,3.1687214,1.252878,0.73961633,1.3272575,-0.13179417,-3.335935
984,1778416062380,968.0,3.1687214,1.252878,0.73961633,1.3272575,-0.13179417,-3.335935
985,1778416062390,969.0,3.2493358,1.0814656,0.8385855,1.4248432,-0.27947086,-3.682143
986,1778416062400,970.0,3.2350059,0.8081569,0.91572416,1.3072516,-0.12095132,-4.00132
987,1778416062410,971.0,3.0837774,0.49051642,0.9210903,0.9966267,0.32925636,-4.160298
988,1778416062420,972.0,2.8255916,0.21037814,0.8770634,0.39599338,1.6762142,-3.9897137
989,1778416062430,973.0,2.1989088,-0.14360595,0.5867415,0.31429017,2.1218405,-3.815617
990,1778416062440,974.0,1.8307165,-0.29873693,0.3521547,0.34574974,2.4329236,-3.5107954
991,1778416062450,975.0,1.548261,-0.3919741,0.1562896,0.45906523,2.4083362,-3.202461
992,1778416062460,976.0,1.2424506,-0.4735032,-0.020123126,0.65576386,2.0828977,-2.7559185
993,1778416062470,977.0,0.9980461,-0.51106644,-0.13525179,0.8730792,1.5402967,-2.297617
994,1778416062480,978.0,0.9980461,-0.51106644,-0.13525179,0.8730792,1.5402967,-2.297617
995,1778416062490,979.0,0.8288289,-0.50996876,-0.15110639,1.0603093,1.0943651,-1.9905044
996,1778416062500,980.0,0.5579594,-0.5860098,-0.014939896,1.321607,0.40194935,-1.4104879
997,1778416062510,981.0,0.4431356,-0.6248535,0.03878275,1.321607,0.40194935,-1.4104879
998,1778416062520,982.0,0.36569205,-0.6549163,0.06500379,1.4369078,0.39553526,-0.9210321
999,1778416062530,983.0,0.27580878,-0.6773566,0.039209604,1.5465581,0.49388456,-0.6907359
1000,1778416062540,984.0,0.19391376,-0.6847961,-0.05433244,1.7154623,0.52442783,-0.43172902
1001,1778416062550,985.0,0.19391376,-0.6847961,-0.05433244,1.7154623,0.52442783,-0.43172902
1002,1778416062560,986.0,0.07268717,-0.6640022,-0.20818289,2.0857995,0.21975878,-0.09941832
1003,1778416062570,987.0,0.07268717,-0.6640022,-0.20818289,2.0857995,0.21975878,-0.09941832
1004,1778416062580,988.0,-0.020671938,-0.6197313,-0.272272,2.1820107,-0.12812899,0.016646078
1005,1778416062590,989.0,-0.05921077,-0.58753425,-0.29520014,2.0564778,-0.3492622,0.09086621
1006,1778416062600,990.0,-0.056649648,-0.5821681,-0.27776012,1.7919732,-0.54076844,0.19730948
1007,1778416062610,991.0,-0.03640456,-0.5547885,-0.23666015,1.4289665,-0.65087694,0.3585779
1008,1778416062620,992.0,-0.017440042,-0.50448066,-0.18299848,1.1053606,-0.6588182,0.5184719
1009,1778416062630,993.0,-0.020001167,-0.40209663,-0.15446024,0.71853024,-0.592692,0.7304421
1010,1778416062640,994.0,0.024513626,-0.32264078,-0.15214302,0.3810272,-0.528093,0.9126327
1011,1778416062650,995.0,0.024513626,-0.32264078,-0.15214302,0.3810272,-0.528093,0.9126327
1012,1778416062660,996.0,0.18915738,-0.22184221,-0.11640923,-0.052534413,-0.364992,1.1720977
1013,1778416062670,997.0,0.31654286,-0.13226382,-0.1247024,-0.26419923,-0.29168814,1.2718215
1014,1778416062680,998.0,0.45935607,-0.07829725,-0.14409378,-0.44684792,-0.20616703,1.3888022
1015,1778416062690,999.0,0.6113771,-0.011708,-0.18104716,-0.63087106,-0.18341228,1.5447255
