id,timestamp,acc_x,acc_y,acc_z,gyro_x,gyro_y,gyro_z
0,1715181824400,0.047075916,0.5382631,0.8146207,-0.20830505,-0.049632803,0.015882496
1,1715181824410,0.03765956411158798,0.5557730977110157,0.8215176334048641,-0.13369340989985692,-0.038906392957081544,0.01501491900572246
2,1715181824420,0.02507875990977444,0.5536581231578948,0.8497409150526315,-0.16799115505263157,-0.04703340752631579,3.85809357894737e-05
3,1715181824430,0.03034295911862396,0.5509159941874259,0.8383027416251483,-0.17029553395017794,-0.04662974189086595,-1.7753541162514883e-05
4,1715181824440,0.047926851286604365,0.5300512561370717,0.858155350093458,-0.08233207828785047,-0.01890256924186916,0.020273875076635514
5,1715181824450,0.0479889091698523,0.5279271003562119,0.8596895063075587,-0.09662066755516942,-0.016017566103214594,0.02179464757949609
6,1715181824460,0.02767542731378866,0.5428600451675258,0.8403761395489691,-0.047408575850515465,-0.0015346909136597928,0.00714042289954897
7,1715181824470,0.027781743959951085,0.5416286453072455,0.8423127317334149,0.029168816,0.027030786,0.0010690142
8,1715181824480,0.03456136924764223,0.5445263297839975,0.8427497307271068,-0.021380424929723155,0.009659178842896259,0.006985969517432309
9,1715181824490,0.03609967,0.5456416,0.84163445,-0.03191771,-0.005345070700000001,0.0021380284
10,1715181824500,0.036057712968985245,0.5446765745257452,0.8486411778530564,-0.011638077670882267,-0.011126769654471545,-0.009530490953929539
11,1715181824510,0.03603869,0.54423904,0.85181797,-0.002443461,-0.013744468,-0.014813481999999998
12,1715181824520,0.029625618359449594,0.5421130546672284,0.8542097463016007,-0.002443461,-0.013744468,-0.014813481999999998
13,1715181824530,0.025733208,0.54082423,0.8556597,-0.0024434609999999996,-0.013744468,-0.014813482000000001
14,1715181824540,0.025733208,0.54082423,0.8556597000000001,-0.0012639057775404336,-0.01141010347299359,-0.014219580067317668
15,1715181824550,0.025733208,0.54082423,0.8556597,0.019394971,0.029474246999999995,-0.0038179078
16,1715181824560,0.03441106569268745,0.541774868435668,0.8390641202406665,-0.01894082756124653,-0.04625424424004937,0.022914798030546128
17,1715181824570,0.03922771843689005,0.5372540115159402,0.8430255535979181,-0.05168726707286923,-0.0794766734027326,0.014992727790500976
18,1715181824580,0.03963630487873612,0.5321533750640478,0.8508732393339027,-0.101556346,-0.09285152,0.027794369
19,1715181824590,0.038477857,0.5321652,0.85376936,-0.101556346,-0.09285152,0.027794369
20,1715181824600,0.03751589366334935,0.5404563567604667,0.8377366552505149,-0.101556346,-0.09285152,0.027794369
21,1715181824610,0.03888084661599471,0.5404915976206213,0.8360790704560476,-0.10155634599999999,-0.09285152,0.027794369
22,1715181824620,0.04439283,0.5316164,0.8480372999999999,-0.10155634599999999,-0.09285152,0.027794368999999996
23,1715181824630,0.04439283,0.5316164,0.8480373,-0.101556346,-0.09285152,0.027794368999999996
24,1715181824640,0.04439283,0.5316164,0.8480373,-0.101556346,-0.09285152,0.027794369
25,1715181824650,0.043042717200394216,0.5246682264914586,0.86061846478318,-0.07724675908804206,-0.05311296801182654,0.02052840367739816
26,1715181824660,0.039270584,0.5136275,0.8223651,-0.06040676114797361,-0.025106839494502042,0.015435766431511153
27,1715181824670,0.049279737533711405,0.5076327284499055,0.8566477779773157,-0.12420402699747952,-0.040104435872085696,0.031372664606175174
28,1715181824680,0.05458750791692844,0.5092960058638744,0.8573885610471204,0.03761938493891798,0.012675454694589878,0.005037772661431065
29,1715181824690,0.046690173844924535,0.5111673382953537,0.8505191091743118,0.049938235,0.01740966,0.002443461
30,1715181824700,0.048234522,0.5089321,0.8573060999999998,0.049938235000000004,0.01740966,0.002443461
31,1715181824710,0.048234522,0.5089321,0.8573061000000001,0.049938235,0.01740966,0.002443461
32,1715181824720,0.048234522,0.5089321,0.8573061,0.049938235,0.01740966,0.002443461
33,1715181824730,0.048234522,0.5089321,0.8573061,0.016218543237977983,0.006131790024623407,0.0023295430596755504
34,1715181824740,0.051834211836272036,0.5214882652455919,0.8209040310831235,0.0047342055,0.0022907446,0.0022907446
35,1715181824750,0.047258858,0.52466476,0.8005345,0.0047342055,0.0022907446,0.0022907446
36,1715181824760,0.05265744574947369,0.5182360710947368,0.8418391133263158,0.005286464429774436,0.00399354285756391,0.003763434988992481
37,1715181824770,0.05659040418165468,0.5145382160821343,0.8817918624880097,0.008399397,0.013591751,0.012064588
38,1715181824780,0.04651858831101858,0.5152576222998079,0.8715006862139654,0.02498711753811659,-0.019243428713645098,0.00483404329144779
39,1715181824790,0.040083601740402194,0.5213981921389397,0.8629554499085924,0.0030439955429616065,-0.02008065833820841,-0.009187268223034733
40,1715181824800,0.040429186,0.5224695,0.8571841,-0.042913283999999996,0.012980887,-0.020005837000000002
41,1715181824810,0.04638966720022561,0.5129235993119008,0.86775769142696,-0.042913283999999996,0.012980887,-0.020005837
42,1715181824820,0.04972963905125149,0.5125096775119189,0.8527576399284862,0.10717512956317043,-0.10636813981138259,-0.06451113003367104
43,1715181824830,0.05311568250661853,0.5191072886732851,0.8538720402527075,0.12684453925992778,-0.10159383766245488,-0.053211987508844774
44,1715181824840,0.06357904384852375,0.5309342556803595,0.8623220087676509,0.08383949279204109,-0.029751844095635426,-0.004503023801540436
45,1715181824850,0.04762473,0.5213719,0.81266934,-0.11133019,-0.009773844,-0.037415497000000006
46,1715181824860,0.04762473,0.5213719,0.81266934,-0.11133019,-0.009773844,-0.037415497
47,1715181824870,0.051557457574565715,0.5337679326122583,0.8467845233169453,-0.11068598846017698,-0.009592346348082596,-0.037093145935431004
48,1715181824880,0.033233646,0.5069198,0.8441346,0.039858956,0.02977968,0.03283401
49,1715181824890,0.052776524207453414,0.527764334826087,0.8468402599440994,-0.032807449391304346,0.008433924469565219,0.015575735869565217
50,1715181824900,0.05671836264802517,0.5272378547221251,0.8517950549108704,-0.033444874,0.008246681,0.015424347500000001
51,1715181824910,0.06025562992312834,0.5294842121256684,0.8505442826871659,-0.026052015610962563,0.017052879104946524,0.018468465084391712
52,1715181824920,0.057535033263366335,0.5316039501650166,0.8404156075247524,-0.004390266437623761,0.03944289398844885,0.01761454065280528
53,1715181824930,0.056100838,0.5336287,0.8471226,0.012654624587484394,0.05153746704868914,0.0025692946079837703
54,1715181824940,0.05225515937799938,0.5293291828794017,0.8503313121844811,0.0006440829563727014,0.03772882929554378,-0.0008039378739171081
55,1715181824950,0.026647896000000004,0.50069994,0.8716972,-0.04184427,0.0032070426,-0.0041233404
56,1715181824960,0.03450829419255095,0.5145329004075896,0.84990090924104,-0.03694130355938159,0.010088398803338018,-0.011692832341953618
57,1715181824970,0.040612124,0.5252746,0.83297545,-0.03313944,0.0154243475,-0.017562376
58,1715181824980,0.034145246352069177,0.5225030515194564,0.8306658183755404,-0.03313944,0.0154243475,-0.017562376
59,1715181824990,0.03378246,0.52234757,0.83053625,-0.03313944,0.015424347500000001,-0.017562376
60,1715181825000,0.04282633070063694,0.5219707280764331,0.8357041849426752,-0.03543135431847134,0.02081708149044586,-0.012169642450955415
61,1715181825010,0.04402696,0.5219207,0.8363902599999999,-0.032742638453153707,0.01866365504225352,-0.007461590208450704
62,1715181825020,0.04402696,0.5219207,0.8363902599999999,-0.032070424,0.018020526,-0.0065668016
63,1715181825030,0.04381333332201176,0.521429837034618,0.8378880174395821,-0.028823781175702157,0.013765216872370999,0.0025427109183540166
64,1715181825040,0.0406970596904762,0.5160979023809524,0.84664785,0.0002079476912972081,-0.009925807888177339,0.0011156557795566498
65,1715181825050,0.028569553650403055,0.49755685470513367,0.8630591027577429,-0.01017989894696648,-0.05176240599406024,-0.00185618025859143
66,1715181825060,0.03744121,0.50362694,0.863526,0.03191771,0.002443461,-0.015882496
67,1715181825070,0.035049054699777614,0.49889578259451445,0.8700645578206079,0.03155159827279466,0.016888227809488513,-0.014085220931801333
68,1715181825080,0.026208232876970525,0.4880797862542838,0.8873187541980808,0.03023783,0.06872234,-0.007635815500000001
69,1715181825090,0.017275298414434523,0.5049277623809524,0.8583968036160714,-0.01115829059375,0.034718928990327386,-0.0035840040649181546
70,1715181825100,0.013354438,0.49380928,0.8435247999999999,0.0106901415,0.063682705,-0.021227567
71,1715181825110,0.013354438,0.49380928,0.8435248,0.0106901415,0.063682705,-0.021227567
72,1715181825120,0.025605206181229773,0.4923349783171521,0.8820944045307443,0.05300491470711973,0.03720298028802589,0.0009415040614886732
73,1715181825130,0.034636166,0.49124816,0.9104799,0.0809550003824596,-0.036890482289812065,0.03966812446422684
74,1715181825140,0.034636166,0.49124816,0.9104799,0.077121735,-0.10247265,0.06658431
75,1715181825150,0.03746036592280973,0.49564921750675417,0.8890159864531069,0.077121735,-0.10247265000000001,0.06658431
76,1715181825160,0.041953668,0.5026513,0.8548668999999999,0.077121735,-0.10247265,0.06658431
77,1715181825170,0.041953668,0.5026513,0.8548668999999999,0.077121735,-0.10247265,0.06658431
78,1715181825180,0.041953668,0.5026513,0.8548668999999999,0.07284082616883614,-0.08411751576186831,0.060426837320444106
79,1715181825190,0.041953668,0.5026513,0.8548669,0.065973446,-0.05467244,0.050549097
80,1715181825200,0.03684420882439025,0.5008510731219512,0.8565215185365853,0.065973446,-0.05467244,0.050549096999999994
81,1715181825210,0.01853977004597701,0.49530924068965515,0.850000525862069,0.08535718032528736,0.02573287532011494,0.008792597328275862
82,1715181825220,0.02224860294204852,0.5535251404132974,0.8006748632075472,-0.03797600701886793,0.003967056628032345,0.00048147481509433964
83,1715181825230,0.018050155300970875,0.5348751738658429,0.8386161915269197,-0.14844026,0.007330382999999999,-0.0035124752
84,1715181825240,0.016326122025296444,0.5258012107378129,0.8565116938339921,-0.13768432265770753,-0.004323622232411066,0.000434849142766798
85,1715181825250,-0.09580796015584037,0.4338471271890475,0.8789599857908534,-0.039448984628604716,0.42949655799592196,-0.16397470596562774
86,1715181825260,-0.048186805773536075,0.3296337427369783,0.9563485147589776,-0.12326157878259464,1.1211331493917827,-0.3924507857133614
87,1715181825270,0.3372148,0.4444162,0.9957288,-0.043218717,-0.33536503,-0.1853976
88,1715181825280,0.3399408264084507,0.4279464183098592,0.9456949275880282,-0.2483151025228873,-0.16838640352112677,-0.055541148045774646
89,1715181825290,0.3401418,0.4267322,0.9420062299999999,-0.17046367056547618,-0.2584337248511905,-0.10965622059523808
90,1715181825300,0.33644888131621187,0.4173660864975923,0.9284119481958266,0.2660318,-0.7389942399999999,-0.40866885000000003
91,1715181825310,0.33593425,0.4160608599999999,0.9265175,0.2660318,-0.73899424,-0.40866885000000003
92,1715181825320,0.3356218077211796,0.40503198463136725,0.9216058631032172,0.3414017201407507,-0.8275594512935657,-0.4614501464142091
93,1715181825330,0.3395794990824129,0.2544405989124894,1.0803517319031437,1.0264235907391672,-2.084561668564146,-0.26653940184367036
94,1715181825340,0.34197115999999994,0.16836347999999998,1.1746417,1.4118622999999997,-2.802497,-0.14095716
95,1715181825350,0.3489565678149726,0.17369357360925136,1.194637810042605,1.4118623,-2.802497,-0.14095716
96,1715181825360,0.35994103525339927,0.18554159833127318,1.2273389919653894,1.4018672102595797,-2.6324167453646474,-0.08033123595797281
97,1715181825370,0.36435053000000006,0.19190145,1.241048,1.3932309,-2.485458,-0.027947085
98,1715181825380,0.3718355183735506,0.20450774815104983,1.258944481667189,1.3932309000000003,-2.485458,-0.027947085
99,1715181825390,0.37246075000000006,0.20556077,1.2604394,1.3932309,-2.485458,-0.027947085
100,1715181825400,0.37246075,0.20556076999999998,1.2604394,1.3986741091064314,-2.531751611383039,-0.04036604213147411
101,1715181825410,0.3738356522915073,0.21685162423106352,1.271501087337414,1.3939353771614382,-2.5177642453710787,-0.041036579988523336
102,1715181825420,0.37648538,0.23861149,1.2928193,1.3649784,-2.322204,0.00290161
103,1715181825430,0.3764853799999999,0.23861149,1.2928193,1.3649784000000003,-2.322204,0.00290161
104,1715181825440,0.3764853799999999,0.23861149,1.2928193,1.3345922275850568,-2.1859826852234825,0.02308257583388926
105,1715181825450,0.37648538000000004,0.23861149,1.2928192999999997,1.3245085,-2.1407773,0.02977968
106,1715181825460,0.37449666145224464,0.24420549542633324,1.306647308014462,1.312537686140404,-2.093796951642061,0.03438159953600482
107,1715181825470,0.36605796,0.26794246,1.3653235,1.2617421,-1.8944459,0.05390886
108,1715181825480,0.36341844854317734,0.2754384355306526,1.369242245945946,1.229183030784443,-1.7976368914634144,0.05430162376400791
109,1715181825490,0.3146295966621803,0.38432772562584117,1.2563933596231494,0.8512460761103635,-0.6313041663526245,0.039182371287012116
110,1715181825500,0.15464316,0.42770788,0.7138221,1.1059716,-2.1771238,0.581391
111,1715181825510,0.15981572588921283,0.443164235393586,0.7180337688046646,1.1059716,-2.1771238,0.581391
112,1715181825520,0.1700709,0.47380814,0.72638386,1.16093990625,-2.22849370625,0.5908212243750001
113,1715181825530,0.1700709,0.47380814,0.72638386,1.1736249,-2.2403483,0.59299743
114,1715181825540,0.1700709,0.47380814,0.72638386,1.1736249,-2.2403483,0.59299743
115,1715181825550,0.18597401563003546,0.5100183089977441,0.7372958376345472,1.230119011827264,-2.313753949371576,0.5956934508185627
116,1715181825560,0.18988912,0.5189327,0.7399822,1.244027,-2.3318253,0.59635717
117,1715181825570,0.18988912000000002,0.5189327,0.7399821999999999,1.244027,-2.3318253,0.59635717
118,1715181825580,0.18988912,0.5189327,0.7399822000000001,1.244027,-2.3318253,0.59635717
119,1715181825590,0.18988912,0.5189327,0.7399822,1.244027,-2.3318253,0.59635717
120,1715181825600,0.18988912000000002,0.5189327,0.7399822,1.244027,-2.3318253,0.59635717
121,1715181825610,0.18988912,0.5189327,0.7399822,1.244027,-2.3318253,0.59635717
122,1715181825620,0.18988912,0.5189327,0.7399822,1.244027,-2.3318253,0.59635717
123,1715181825630,0.18988912,0.5189327,0.7399822,1.244027,-2.3318253,0.59635717
124,1715181825640,0.18988912,0.5189327,0.7399822,1.244027,-2.3318253,0.59635717
125,1715181825650,0.18988912,0.5189327,0.7399822,1.244027,-2.3318253,0.59635717
126,1715181825660,0.18988912,0.5189327,0.7399821999999999,1.244027,-2.3318253,0.59635717
127,1715181825670,0.18988912,0.5189327,0.7399822000000001,1.244027,-2.3318253,0.59635717
128,1715181825680,0.18988912,0.5189327,0.7399822,1.244027,-2.3318253,0.5963571700000001
129,1715181825690,0.18988912,0.5189327,0.7399822,1.244027,-2.3318253,0.59635717
130,1715181825700,0.18988912,0.5189327,0.7399822,1.2440269999999998,-2.3318253,0.59635717
131,1715181825710,0.18988912000000002,0.5189327,0.7399822,1.244027,-2.3318253,0.59635717
132,1715181825720,0.18988912,0.5189327,0.7399822,1.244027,-2.3318253,0.59635717
133,1715181825730,0.18570171391108248,0.5218893261275773,0.752372521359536,1.2508805446198454,-2.3857581632409794,0.510610452941366
134,1715181825740,0.11561649999999998,0.5713748,0.9597511000000001,1.3655893,-3.2884402,-0.9245446
135,1715181825750,0.16958777190082644,0.5731464838636363,0.9398944007205579,1.3655893,-3.2884402,-0.9245446
136,1715181825760,0.5383981927780792,0.5748287802604449,0.8010081165056973,0.1069499003689636,-1.1003803783396635,-0.41400631935160065
137,1715181825770,0.5228711591431262,0.557050689811676,0.7929250996986816,-0.7905793893408662,0.4111120191431262,-0.07048015878060264
138,1715181825780,0.51948154,0.5538738,0.7906559,-0.79818215217537,0.4133744335632505,-0.07200597376989668
139,1715181825790,0.51948154,0.5538738,0.7906559,-0.7567093399999999,0.40103304,-0.063682705
140,1715181825800,0.51948154,0.5538738,0.7906559,-0.75670934,0.40103304,-0.063682705
141,1715181825810,0.51948154,0.5538738,0.7906559,-0.75670934,0.40103304,-0.063682705
142,1715181825820,0.5121217000553165,0.548729062292563,0.7841960632452366,-0.7739618504855562,0.4061670063429625,-0.06714514880823602
143,1715181825830,0.47264022232160474,0.5397312283097665,0.7783883615455442,-0.8596664615915818,0.35783646708648464,-0.05868951525879645
144,1715181825840,0.4267932,0.53814113,0.78535074,-0.9471029198538891,0.2796548861108723,-0.04208440159862484
145,1715181825850,0.4267932,0.53814113,0.78535074,-0.9326385,0.30268374,-0.05207626
146,1715181825860,0.42974431345546427,0.5350016655653821,0.7792601363676563,-0.9453364883133292,0.2415956706632975,-0.03955950434718888
147,1715181825870,0.43825728,0.52594537,0.7616908000000001,-0.9819659,0.06566802,-0.0035124752
148,1715181825880,0.4223457366516557,0.5220173162701987,0.7814800550198675,-0.9819659,0.06566802,-0.0035124752
149,1715181825890,0.34952770631120783,0.5652402736561479,0.8662056427094668,-0.9819659,0.06566802,-0.0035124752
150,1715181825900,0.35047545925250684,0.5927357220783956,0.8604518534184139,-0.9447355581586143,0.011504540783956234,-0.018660206784320878
151,1715181825910,0.3488451755559299,0.5357696791610512,0.8618193756738545,-0.4742003604177897,-0.6421164845350404,-0.0527449098453504
152,1715181825920,0.41020685,0.41234114999999993,0.9221411342582782,-0.31480185553890727,-0.8500044526158941,0.004609756687748344
153,1715181825930,0.43368387,0.44014767,0.96481246,-0.0154243475,-1.2670872,0.089949906
154,1715181825940,0.46876615710526315,0.5025919313157895,1.0155262515789474,0.14786153269736843,-1.4081689921052634,0.06214348155263157
155,1715181825950,0.5838610952654455,0.5676932176653213,1.0718389956224774,0.3868044279975163,-1.610343372772431,0.013354356715616267
156,1715181825960,0.58881485,0.56686234,1.071404,0.5426177656389777,-1.6979432817492013,-0.057487874638178914
157,1715181825970,0.58881485,0.56686234,1.071404,0.70371675,-1.7718145999999997,-0.13652839
158,1715181825980,0.6299660422512284,0.5500326729361179,1.0615132776105651,0.7724624446713759,-1.7583260454238328,-0.20902942416769044
159,1715181825990,0.70351666,0.5277747,1.0305479,0.9776898,-1.7180585000000002,-0.42546764
160,1715181826000,0.70351666,0.5277747,1.0305479,0.9776898,-1.7180585,-0.42546764
161,1715181826010,0.7035166600000001,0.5277747,1.0305479,1.0009421217888368,-1.679826310020175,-0.5666584024209819
162,1715181826020,0.7004120109681228,0.5313028880755608,1.02636442270366,1.0135776047225502,-1.6570635469303423,-0.6479484521723732
163,1715181826030,0.6958099687272727,0.6017357509090909,0.9565114829090909,1.072374,-1.53205,-1.0700831
164,1715181826040,0.74705577,0.6277195,0.94334775,1.072374,-1.5320500000000001,-1.0700831
165,1715181826050,0.7057450497130167,0.6164858997608472,0.917256759904339,1.135447504373078,-1.5225209364878716,-1.232834069285958
166,1715181826060,0.70534605,0.6163774,0.91700476,1.1360567,-1.5224289,-1.234406
167,1715181826070,0.563565518127838,0.5823139484456864,0.9284878420817324,1.2947595811735941,-1.4131209259867272,-1.2585043002444989
168,1715181826080,0.5069150986509207,0.5702621453722979,0.9328099130864692,1.3204525490792633,-1.3286310266212973,-1.1919210947558048
169,1715181826090,0.38294917,0.5458855,0.94194525,1.3211086783891282,-1.309593718694067,-1.1724083306264501
170,1715181826100,0.32348378121621624,0.5503848043918919,0.9094379902027028,1.2822067809889435,-1.1515658322174447,-0.9932658112684276
171,1715181826110,0.28623623,0.55320305,0.8890763000000002,1.2615828237264957,-0.9999670426324787,-0.8278407690153846
172,1715181826120,0.2884657301677149,0.5529800912997903,0.7857384683857441,1.232124242557652,-0.9822867048218028,-0.8192615445283019
173,1715181826130,0.3040294226703801,0.5546036818676278,0.6311047487614679,1.1519392,-0.9126327,-0.74189585
174,1715181826140,0.33234454549500836,0.5578826751081531,0.5792021796589019,1.0876077484608986,-0.8637208928660567,-0.7200098980241264
175,1715181826150,0.3561793,0.5606425,0.53551906,1.0334313,-0.82253003,-0.70157874
176,1715181826160,0.3561793,0.5606425,0.53551906,1.0334313,-0.82253003,-0.7015787400000001
177,1715181826170,0.3561793,0.5606425,0.53551906,1.0334313,-0.82253003,-0.70157874
178,1715181826180,0.3561793,0.5606425,0.53551906,1.0334313,-0.82253003,-0.70157874
179,1715181826190,0.3840104727240524,0.5703809828196953,0.4943212858944385,0.8318619675876727,-0.8326921705242649,-0.6739615763797379
180,1715181826200,0.402578026653426,0.588351113366435,0.4767127786395234,0.77595156,-0.8355109,-0.66630125
181,1715181826210,0.40788963,0.59582746,0.47368616,0.8017915093693165,-0.8107856939571721,-0.6630585744646524
182,1715181826220,0.41095931989684464,0.6019284179368932,0.474914054836165,0.7735727926334952,-0.8473770986650486,-0.6683365906553398
183,1715181826230,0.41276798,0.6055231,0.47563753,0.7388028773089407,-0.9143269118028917,-0.6773097565358512
184,1715181826240,0.37856016669750225,0.5924063930866481,0.5224179588652482,0.8775070149244527,-1.321690791458526,-0.7021928535861857
185,1715181826250,0.3612406000000001,0.58588785,0.56302065,1.0906999,-1.7800885977456848,-0.7246293787601267
186,1715181826260,0.33623913,0.5513126,0.5227744,1.8495473,-2.724001,-0.6976081
187,1715181826270,0.33623913,0.5513126,0.5227744,1.8495473,-2.724001,-0.6976081
188,1715181826280,0.33623913,0.5513126,0.5227744,1.8495473,-2.724001,-0.6976081
189,1715181826290,0.33623913,0.5513126,0.5227744,1.8495473,-2.724001,-0.6976081000000001
190,1715181826300,0.3371248038057639,0.5534587298855113,0.5165746554283458,1.920526280852744,-2.805046647256218,-0.7015324262534544
191,1715181826310,0.3378088097467829,0.5553661675383977,0.511332195641345,1.9815367230386052,-2.8739537669987545,-0.7049925048318805
192,1715181826320,0.33739772000000007,0.5608864,0.50246835,2.1085541,-2.9995010000000004,-0.7142541999999998
193,1715181826330,0.33739772,0.5608864,0.50246835,2.1085541,-2.999501,-0.7142542
194,1715181826340,0.33739772,0.5608864,0.50246835,2.1085541,-2.9995009999999995,-0.7142542
195,1715181826350,0.32969568610700056,0.5723191244450768,0.4989542864285715,2.3027703735628915,-3.200673706886739,-0.7199244209447923
196,1715181826360,0.31788442,0.5898515,0.49356538,2.600606,-3.50881,-0.7286095
197,1715181826370,0.31104740596599695,0.5895542160007727,0.49527463960200924,2.624375882148377,-3.5289283340417312,-0.7275210822256568
198,1715181826380,0.30666426,0.58936363,0.49637043,2.703995,-3.5963163,-0.72387534
199,1715181826390,0.3048860671894605,0.587653465846926,0.4949031848180678,2.732004555207026,-3.615443615432873,-0.7197383843161856
200,1715181826400,0.29550505,0.57863134,0.4871626,2.8797715,-3.7163515,-0.6979135
201,1715181826410,0.29649898171806166,0.5774493708370044,0.48385843700440534,2.893495795154185,-3.719484272970422,-0.6932648421019509
202,1715181826420,0.3000175,0.5732652000000001,0.4721617000000001,2.9420798,-3.730554,-0.6768387
203,1715181826430,0.3000175,0.5732652,0.4721617,2.9420798,-3.730554,-0.6768387000000001
204,1715181826440,0.3000175,0.5732652,0.4721617,2.9420798,-3.730554,-0.6768387
205,1715181826450,0.3000175,0.5732652,0.4721617,2.9420798,-3.730554,-0.6768387000000001
206,1715181826460,0.30001750000000005,0.5732652,0.4721617,2.9420798,-3.730554,-0.6768387
207,1715181826470,0.3096784780855732,0.5705524820817334,0.45430338843390017,3.0441248585847505,-3.7602759472024134,-0.624046968568294
208,1715181826480,0.3157848857322176,0.5715175063849373,0.4425072403933054,3.0521882,-3.7626245,-0.6198755
209,1715181826490,0.3592098104770017,0.5871256149346962,0.350903717475866,3.049820701419648,-3.776835606189665,-0.6056643033390119
210,1715181826500,0.36959475,0.5927175,0.32678735000000003,3.048523,-3.7846155,-0.59788436
211,1715181826510,0.36959474999999997,0.5927175,0.32678735,3.048523,-3.7846155,-0.59788436
212,1715181826520,0.36959475,0.5927175,0.32678735,3.048523,-3.7846155,-0.59788436
213,1715181826530,0.36959475,0.5927175,0.3267873499999999,3.048523,-3.7846155,-0.59788436
214,1715181826540,0.3760322653793807,0.5981402881592379,0.31245811088465464,3.0373291484858793,-3.792023219632528,-0.5965674356583873
215,1715181826550,0.38712402131046614,0.6079116051890942,0.28959318534740547,2.964512032365875,-3.796817521372031,-0.6088090256640282
216,1715181826560,0.39148626,0.6119259,0.2812969,2.9150488,-3.7956111,-0.61926466
217,1715181826570,0.40330901582151146,0.617524735883415,0.27056129997936545,2.9150488,-3.7956111,-0.61926466
218,1715181826580,0.4180122,0.62448764,0.25721014,2.9150488,-3.7956111,-0.61926466
219,1715181826590,0.4180122,0.62448764,0.25721014,2.9150488,-3.7956111,-0.61926466
220,1715181826600,0.4180122,0.62448764,0.25721014,2.9150488,-3.7956111,-0.61926466
221,1715181826610,0.4180122,0.62448764,0.25721014,2.9150488,-3.7956111,-0.61926466
222,1715181826620,0.4180122,0.62448764,0.25721014,2.9150488,-3.7956111,-0.61926466
223,1715181826630,0.4180122,0.62448764,0.25721014,2.9150488,-3.7956111,-0.61926466
224,1715181826640,0.4180122,0.62448764,0.25721014,2.9150488,-3.7956111,-0.61926466
225,1715181826650,0.4180122,0.62448764,0.25721014,2.9150488,-3.7956111,-0.61926466
226,1715181826660,0.42118571054953563,0.6258439643808049,0.2555509559365325,2.9150488,-3.7956111,-0.61926466
227,1715181826670,0.43270817,0.63076854,0.24952675000000002,2.9150488,-3.7956111,-0.61926466
228,1715181826680,0.43270817,0.63076854,0.24952675,2.9150488,-3.7956111,-0.61926466
229,1715181826690,0.43270817,0.63076854,0.24952674999999996,2.9150488,-3.7956111,-0.61926466
230,1715181826700,0.43270817,0.63076854,0.24952675,2.8496214484926563,-3.771531562612729,-0.634326386544705
231,1715181826710,0.43270817,0.63076854,0.24952675,2.8108964,-3.7572794000000003,-0.6432411
232,1715181826720,0.43270817,0.6307685399999999,0.24952675,2.8108964,-3.7572794,-0.6432411
233,1715181826730,0.43270817,0.63076854,0.24952675,2.8108964,-3.7572794,-0.6432411
234,1715181826740,0.43270817,0.63076854,0.24952675,2.81149388371134,-3.757495878865979,-0.6430990894329897
235,1715181826750,0.43270817,0.63076854,0.24952675,2.8635836,-3.7763689,-0.63071835
236,1715181826760,0.43270817,0.63076854,0.24952675,2.8635836,-3.7763689,-0.63071835
237,1715181826770,0.43270817,0.63076854,0.24952675,2.8635836,-3.7763689,-0.63071835
238,1715181826780,0.43270817,0.63076854,0.24952675000000002,2.8635836,-3.7763689,-0.63071835
239,1715181826790,0.43270817,0.63076854,0.24952675,2.8635836,-3.7763689,-0.63071835
240,1715181826800,0.43270817,0.63076854,0.24952675,2.8635836,-3.7763689,-0.6307183500000001
241,1715181826810,0.4362971491652755,0.6316611243516973,0.2485225804062326,2.8475164961602673,-3.770547505453534,-0.6345371964106845
242,1715181826820,0.44950237197007475,0.6393317423940149,0.2410964204987531,2.7644904528678302,-3.7400490283458017,-0.6480881209365474
243,1715181826830,0.46905175,0.6612581,0.22111045,2.58396,-3.6731327,-0.66691214
244,1715181826840,0.46905175000000005,0.6612581,0.22111045,2.58396,-3.6731327,-0.6669121400000001
245,1715181826850,0.46905175,0.6612581,0.22111045000000001,2.58396,-3.6731327,-0.66691214
246,1715181826860,0.46905175,0.6612581,0.22111045,2.58396,-3.6731327,-0.66691214
247,1715181826870,0.46905175,0.6612581,0.22111045,2.58396,-3.6731327,-0.66691214
248,1715181826880,0.46905175,0.6612581,0.22111045,2.58396,-3.6731327,-0.66691214
249,1715181826890,0.46905175,0.6612581,0.22111045,2.5577468590439274,-3.6681362842377263,-0.6682155637338502
250,1715181826900,0.46905175,0.6612581,0.22111045,2.5286767,-3.6625953,-0.66966105
251,1715181826910,0.46905175,0.6612581,0.22111045,2.5286767,-3.6625953,-0.66966105
252,1715181826920,0.4655508503303835,0.6694660261946902,0.22280675534513275,2.5286767,-3.6625953,-0.66966105
253,1715181826930,0.46514907,0.6704050000000001,0.22300081,2.5286767,-3.6625953,-0.66966105
254,1715181826940,0.46514907,0.670405,0.22300081,2.5286767,-3.6625953,-0.66966105
255,1715181826950,0.46514907,0.6704050000000001,0.22300081,2.5286767000000006,-3.6625953,-0.66966105
256,1715181826960,0.46514907,0.6704050000000001,0.22300081,2.5286767000000006,-3.6625953,-0.66966105
257,1715181826970,0.46514907000000005,0.670405,0.22300081,2.5286767,-3.6625953,-0.66966105
258,1715181826980,0.46514907,0.670405,0.22300081,2.5286767,-3.6625953,-0.66966105
259,1715181826990,0.46514907,0.670405,0.22300081,2.5286767,-3.6625953,-0.66966105
260,1715181827000,0.46514907,0.6704050000000001,0.22300081,2.5286767,-3.6625953,-0.66966105
261,1715181827010,0.46514907000000005,0.670405,0.22300081,2.5286767,-3.6625953,-0.66966105
262,1715181827020,0.46514907,0.670405,0.22300081,2.5286767,-3.6625953,-0.66966105
263,1715181827030,0.46514907,0.670405,0.22300081,2.5286767,-3.6625953,-0.66966105
264,1715181827040,0.46514907,0.670405,0.22300081,2.5286767,-3.6625953,-0.66966105
265,1715181827050,0.46514907,0.670405,0.22300081000000002,2.5286767,-3.6625953,-0.66966105
266,1715181827060,0.4570534667626728,0.6764153770276498,0.22944050925115206,2.4717437904377877,-3.623940274769585,-0.664848369297235
267,1715181827070,0.44100136,0.68833286,0.24220926,2.3588562,-3.5472944,-0.6553057
268,1715181827080,0.4232948980757098,0.6892395112302839,0.2645556712223975,2.2517358084384855,-3.4265501883280756,-0.6192426992429022
269,1715181827090,0.42075628,0.6893695,0.26775953,2.2363777,-3.4092388,-0.61407226
270,1715181827100,0.42075628,0.6893695,0.26775953,2.2363777,-3.4092388,-0.61407226
271,1715181827110,0.42075628,0.6893695,0.26775953,2.2363777,-3.4092388,-0.61407226
272,1715181827120,0.42075628,0.6893695,0.26775953,2.2363777,-3.4092388,-0.61407226
273,1715181827130,0.42075628000000004,0.6893695,0.26775953,2.2363777,-3.4092388,-0.61407226
274,1715181827140,0.42075628,0.6893695000000001,0.26775953,2.2363777,-3.4092388,-0.61407226
275,1715181827150,0.4244849632817337,0.6893695,0.261018467874097,2.2363777,-3.4092388,-0.61407226
276,1715181827160,0.42770788000000004,0.6893695,0.25519782,2.2363777,-3.4092388,-0.61407226
277,1715181827170,0.42770788,0.6893695,0.25519782,2.2363777,-3.4092388,-0.61407226
278,1715181827180,0.42446188495867765,0.6893695,0.26106341185950416,2.2363777,-3.4092388,-0.61407226
279,1715181827190,0.42075628,0.6893695,0.26775953,2.1679291313755797,-3.319527762905719,-0.5858190384853168
280,1715181827200,0.42075628,0.6893695,0.26775953,2.164601,-3.3151658,-0.5844453
281,1715181827210,0.42075628,0.6893695,0.26775953,2.164601,-3.3151658,-0.5844453
282,1715181827220,0.4164265797577944,0.6834362051275444,0.27492433123679466,2.164601,-3.3151658,-0.5844453
283,1715181827230,0.41581696000000007,0.6826008,0.27593073,2.164601,-3.3151658,-0.5844453
284,1715181827240,0.41581696,0.6826008,0.27593073,2.164601,-3.3151658,-0.5844453
285,1715181827250,0.41581696,0.6826008,0.27593073,2.164601,-3.3151658,-0.5844453
286,1715181827260,0.41581696,0.6826008,0.27593073,2.164601,-3.3151658,-0.5844453
287,1715181827270,0.41581696,0.6826008,0.27593073,2.164601,-3.3151658,-0.5844453
288,1715181827280,0.41581696,0.6826008,0.27593073,2.164601,-3.3151658,-0.5844453
289,1715181827290,0.41581696,0.6826008,0.27593073,2.164601,-3.3151658,-0.5844453
290,1715181827300,0.41581696000000007,0.6826008,0.27593073,2.164601,-3.3151658,-0.5844453
291,1715181827310,0.41581696,0.6826008,0.27593073,2.164601,-3.3151658,-0.5844453
292,1715181827320,0.41581696,0.6826007999999999,0.27593073,2.164601,-3.3151658,-0.5844453
293,1715181827330,0.41581696000000007,0.6826008,0.27593073,2.164601,-3.3151658,-0.5844453
294,1715181827340,0.41238322039317726,0.6782187311939867,0.28086874643538595,1.7490452836079795,-2.7012473597571556,-0.4260491303787221
295,1715181827350,0.4094141,0.6744296,0.2851386,1.3897184,-2.1710149999999997,-0.28924468
296,1715181827360,0.4094141,0.6744296000000001,0.2851386,1.3897184,-2.171015,-0.28924468
297,1715181827370,0.4157355131817007,0.6642827062289997,0.2894539494959938,1.3897184,-2.171015,-0.28924468
298,1715181827380,0.42593947,0.6479037,0.29641974,1.3897184,-2.171015,-0.28924468
299,1715181827390,0.42593947,0.6479037,0.29641974,1.3897184,-2.171015,-0.28924468
300,1715181827400,0.42593947,0.6479037,0.29641974,1.3897184,-2.171015,-0.28924468
301,1715181827410,0.42593947,0.6479037,0.29641974,1.3897184,-2.171015,-0.28924468
302,1715181827420,0.4268002690776183,0.6490634986975014,0.2978604324827219,1.368569180329612,-2.1412427224082937,-0.2836978546943115
303,1715181827430,0.43173254,0.655709,0.30611542,1.2473868,-1.9706513,-0.2519819
304,1715181827440,0.43173254,0.655709,0.30611542,1.2473868,-1.9706513,-0.2519819
305,1715181827450,0.43173254,0.655709,0.30611542,1.2473868,-1.9706513,-0.2519819
306,1715181827460,0.43173253999999994,0.655709,0.30611542,1.2473868,-1.9706513,-0.2519819
307,1715181827470,0.43173254,0.655709,0.30611542,1.2473868,-1.9706513,-0.2519819
308,1715181827480,0.43173254,0.655709,0.30611541999999997,1.2473868,-1.9706513,-0.2519819
309,1715181827490,0.43173254,0.655709,0.30611542,1.2473868,-1.9706513,-0.2519819
310,1715181827500,0.43173254,0.655709,0.30611542,1.2473868000000001,-1.9706513,-0.2519819
311,1715181827510,0.43173254,0.6557090000000001,0.30611542,1.2473868,-1.9706513,-0.2519819
312,1715181827520,0.43173254,0.655709,0.30611542,1.2473868,-1.9706513,-0.2519819
313,1715181827530,0.43173254,0.655709,0.30611542,1.2473868,-1.9706513,-0.2519819
314,1715181827540,0.43173254,0.655709,0.30611542,1.2473868,-1.9706513,-0.2519819
315,1715181827550,0.43173254,0.655709,0.30611542,1.2473868,-1.9706513,-0.2519819
316,1715181827560,0.43173254,0.655709,0.30611542,1.2473868,-1.9706513,-0.2519819
317,1715181827570,0.43173254,0.655709,0.3061154200000001,1.2473868,-1.9706513,-0.2519819
318,1715181827580,0.43173254,0.655709,0.30611542,1.2473868,-1.9706513,-0.2519819
319,1715181827590,0.43173254,0.655709,0.30611541999999997,1.2473868000000001,-1.9706513,-0.2519819
320,1715181827600,0.43173254,0.6557090000000001,0.3061154200000001,1.2473868,-1.9706513000000003,-0.2519819
321,1715181827610,0.43173253999999994,0.655709,0.30611542,1.2473868,-1.9706513,-0.2519819
322,1715181827620,0.43173254,0.655709,0.30611542,1.2473868,-1.9706513,-0.2519819
323,1715181827630,0.43173254,0.655709,0.30611542,1.2473868,-1.9706513,-0.2519819
324,1715181827640,0.43173254,0.655709,0.3061154200000001,1.2473868,-1.9706513,-0.2519819
325,1715181827650,0.43173254,0.6557089999999999,0.30611542,1.2473868,-1.9706513,-0.2519819
326,1715181827660,0.43173254,0.655709,0.30611541999999997,1.2473868,-1.9706513,-0.2519819
327,1715181827670,0.43173254,0.6557090000000001,0.30611542,1.2473868,-1.9706513,-0.2519819
328,1715181827680,0.43173254,0.655709,0.30611542,1.2473868,-1.9706513,-0.2519819
329,1715181827690,0.43173253999999994,0.6557089999999999,0.30611542,1.2473868,-1.9706513,-0.2519819
330,1715181827700,0.43173254,0.655709,0.30611542,1.2473868,-1.9706513,-0.2519819
331,1715181827710,0.43173254,0.655709,0.30611542,1.2473868000000001,-1.9706513,-0.2519819
332,1715181827720,0.43173254,0.655709,0.30611542,1.2473868,-1.9706513,-0.2519819
333,1715181827730,0.43173254,0.655709,0.30611542,1.2473867999999997,-1.9706513,-0.2519819
334,1715181827740,0.43173254,0.655709,0.30611541999999997,1.2473868,-1.9706513,-0.2519819
335,1715181827750,0.43173254,0.655709,0.30611542,1.2473868,-1.9706513000000003,-0.2519819
336,1715181827760,0.43173254,0.655709,0.30611542,1.2473868,-1.9706513,-0.2519819
337,1715181827770,0.43173254,0.655709,0.30611542,1.2473868,-1.9706513,-0.2519819
338,1715181827780,0.43173254,0.655709,0.30611542,1.2473868,-1.9706513,-0.2519819
339,1715181827790,0.43173254,0.6557090000000001,0.30611542,1.2473868,-1.9706513,-0.2519819
340,1715181827800,0.43173254,0.655709,0.30611542,1.2473868,-1.9706513,-0.2519819
341,1715181827810,0.43173254,0.655709,0.30611542,1.187006493391843,-1.8799853291171917,-0.23855698629839955
342,1715181827820,0.43173254,0.655709,0.30611542,1.1024591,-1.7530305,-0.21975878
343,1715181827830,0.43173253999999994,0.655709,0.30611542,1.1024591,-1.7530305,-0.21975878
344,1715181827840,0.4336810128541882,0.65814973385212,0.30726488268872804,1.1024591,-1.7530305,-0.21975878
345,1715181827850,0.43752554,0.66296554,0.30953026,0.9810773498066512,-1.5691803917246712,-0.1968973846145914
346,1715181827860,0.43752554,0.66296554,0.30953026,0.95646226,-1.5318973,-0.19226983
347,1715181827870,0.43752554,0.66296554,0.30953026,0.95646226,-1.5318973,-0.19226983
348,1715181827880,0.44152905175257734,0.6710185285773196,0.31284348820618557,0.95646226,-1.5318973,-0.19226983
349,1715181827890,0.44283074,0.67363685,0.31392074,0.95646226,-1.5318973,-0.19226983
350,1715181827900,0.44283074,0.67363685,0.31392074,0.9300986357524907,-1.4917871345044573,-0.18689793357629786
351,1715181827910,0.44283074,0.67363685,0.31392074,0.81031275,-1.3095424,-0.16249016
352,1715181827920,0.44283074,0.67363685,0.31392074,0.8103127500000001,-1.3095424,-0.16249016
353,1715181827930,0.44675140569437277,0.679932547057305,0.31361916412235413,0.81031275,-1.3095424,-0.16249016
354,1715181827940,0.44917256,0.68382037,0.31343293,0.81031275,-1.3095424,-0.16249016
355,1715181827950,0.44917255999999994,0.68382037,0.31343293,0.81031275,-1.3095424,-0.16249016
356,1715181827960,0.44917256,0.68382037,0.31343293,0.81031275,-1.3095424,-0.16249016
357,1715181827970,0.44917256,0.68382037,0.31343292999999994,0.8103127500000001,-1.3095424,-0.16249016
358,1715181827980,0.44917256,0.68382037,0.31343293,0.81031275,-1.3095424,-0.16249016
359,1715181827990,0.44917256,0.6838203699999998,0.31343293000000005,0.81031275,-1.3095424,-0.16249016
360,1715181828000,0.44917256,0.68382037,0.31343293,0.81031275,-1.3095424,-0.16249016
361,1715181828010,0.44917256,0.68382037,0.31343293,0.81031275,-1.3095424,-0.16249016
362,1715181828020,0.44917256,0.68382037,0.31343292999999994,0.81031275,-1.3095424,-0.16249015999999997
363,1715181828030,0.45602967951024753,0.6926974157146659,0.3083831362816077,0.6850433026350812,-1.1081261516635614,-0.1418496770934256
364,1715181828040,0.45703888,0.6940039,0.30763993,0.6666067,-1.0784826,-0.13881913
365,1715181828050,0.45703888,0.6940039,0.30763993,0.6666067,-1.0784826,-0.13881913
366,1715181828060,0.45703888,0.6940039,0.30763993,0.6666067,-1.0784826,-0.13881913
367,1715181828070,0.45703888,0.6940039,0.30763993,0.6666067,-1.0784826,-0.13881913
368,1715181828080,0.45703888000000004,0.6940039,0.30763993,0.6666067,-1.0784826,-0.13881913
369,1715181828090,0.45703888,0.6940039,0.30763993,0.6666067,-1.0784826,-0.13881913
370,1715181828100,0.45703888,0.6940039,0.30763993,0.6449912263971156,-1.0448795003347928,-0.13589301823074945
371,1715181828110,0.45703888,0.6940039000000001,0.30763993,0.52671856,-0.86101454,-0.11988231
372,1715181828120,0.45703888,0.6940039,0.30763993,0.52671856,-0.86101454,-0.11988231
373,1715181828130,0.4576089284365325,0.694966445123839,0.30656524285603715,0.52671856,-0.86101454,-0.11988231
374,1715181828140,0.4644783,0.7065656,0.29361472,0.52671856,-0.86101454,-0.11988231
375,1715181828150,0.4644783,0.7065656,0.29361472,0.52671856,-0.86101454,-0.11988231
376,1715181828160,0.4644783,0.7065656000000001,0.29361472,0.52671856,-0.86101454,-0.11988231
377,1715181828170,0.4644783,0.7065655999999999,0.29361472,0.52671856,-0.86101454,-0.11988231
378,1715181828180,0.4609938931112832,0.7006820668732249,0.30018733971340045,0.52671856,-0.86101454,-0.11988231
379,1715181828190,0.45703888,0.6940039,0.30763993,0.52671856,-0.8610145400000001,-0.11988231
380,1715181828200,0.45703888,0.6940039,0.30763993,0.52671856,-0.86101454,-0.11988231
381,1715181828210,0.45996089219096775,0.6989378115870968,0.3021311894529032,0.52671856,-0.86101454,-0.11988231
382,1715181828220,0.4644783,0.7065656,0.29361472,0.52671856,-0.86101454,-0.11988231000000002
383,1715181828230,0.4644783,0.7065656,0.29361472,0.52671856,-0.8610145400000001,-0.11988231
384,1715181828240,0.4644783,0.7065656,0.29361472,0.52671856,-0.86101454,-0.11988231
385,1715181828250,0.4644783,0.7065656,0.29361472,0.52671856,-0.86101454,-0.11988231
386,1715181828260,0.4644783,0.7065656,0.29361472,0.52671856,-0.86101454,-0.11988231
387,1715181828270,0.4644783,0.7065656,0.29361472,0.52671856,-0.86101454,-0.11988231000000002
388,1715181828280,0.4644783,0.7065656,0.29361472,0.52671856,-0.86101454,-0.11988231
389,1715181828290,0.48443882277248135,0.7435247309559392,0.1630772962020098,0.37964244331615554,-0.6611118055243493,-0.11020817786266426
390,1715181828300,0.49283364,0.75906867,0.10817704,-0.23945917,0.18035796,-0.069485925
391,1715181828310,0.49283364,0.75906867,0.10817704,-0.23945917000000003,0.18035796,-0.069485925
392,1715181828320,0.49309515229580003,0.7597637469956197,0.10347666348363824,-0.23945917,0.18035796,-0.069485925
393,1715181828330,0.49515083,0.76522756,0.06652827,-0.3110201526864516,0.2562144248903226,-0.0724117683032258
394,1715181828340,0.49515083,0.76522756,0.06652827,-0.35903606000000005,0.30711251,-0.07437284
395,1715181828350,0.49515083,0.76522756,0.06652827,-0.35903606,0.30711251,-0.07437284
396,1715181828360,0.49515083,0.76522756,0.06652827,-0.35903606,0.30711251,-0.07437284
397,1715181828370,0.49515083,0.7652275600000001,0.06652827,-0.35903606,0.30711251,-0.07437284
398,1715181828380,0.49515083,0.76522756,0.06652827,-0.35903606,0.30711251,-0.07437284
399,1715181828390,0.49515083,0.76522756,0.06652827,-0.35903606,0.30711251,-0.07437284
400,1715181828400,0.49515083,0.76522756,0.06652827,-0.35903606,0.30711251,-0.07437284
401,1715181828410,0.49515083,0.76522756,0.06652827,-0.35903606,0.30711251,-0.07437284
402,1715181828420,0.49515083,0.76522756,0.06652827,-0.35903606,0.30711251,-0.07437284
403,1715181828430,0.49515083,0.76522756,0.06652827,-0.35903606,0.30711251,-0.07437284
404,1715181828440,0.49515083,0.76522756,0.06652827,-0.35903606,0.30711251,-0.07437284
405,1715181828450,0.49515083,0.76522756,0.06652827,-0.35903606,0.30711251,-0.07437284
406,1715181828460,0.49515083,0.76522756,0.06652827,-0.35903606,0.30711251,-0.07437284
407,1715181828470,0.49515083,0.76522756,0.06652827,-0.35903606,0.30711251,-0.07437284
408,1715181828480,0.5035164513809794,0.7619490139094532,0.04907168144219818,-0.5352898506548975,0.2656693368052392,-0.14495725972665147
409,1715181828490,0.5478978,0.74455565,-0.043539125,-1.4703526,0.04627304,-0.5186246
410,1715181828500,0.5478978,0.74455565,-0.043539125,-1.4703525999999998,0.04627304,-0.5186246
411,1715181828510,0.5478978,0.74455565,-0.043539125,-1.4703526,0.04627304,-0.5186246
412,1715181828520,0.5478978,0.74455565,-0.043539125,-1.4703526,0.04627304,-0.5186246
413,1715181828530,0.5478978,0.74455565,-0.043539125,-1.4703525999999998,0.04627304,-0.5186246
414,1715181828540,0.5374390996367411,0.7005112574987027,0.16333696216917487,-1.4703526,0.04627304,-0.5186246
415,1715181828550,0.5158571122914838,0.6409280661984197,0.43852815288264557,-1.0935643635352648,-0.6815630053028973,-0.6677422407960198
416,1715181828560,0.5155179,0.64052516,0.44026962,-1.0813842,-0.70509124,-0.67256266
417,1715181828570,0.5089160802941963,0.6306642625086922,0.47311146563252204,-0.9845896610323616,-0.6469918618186681,-0.6313173065953464
418,1715181828580,0.50588316,0.6261341,0.48819923,-0.9401216,-0.6203337,-0.6123924
419,1715181828590,0.50588316,0.6261341,0.48819923,-0.9401216,-0.6203336999999999,-0.6123924
420,1715181828600,0.5022245532471561,0.619756450056877,0.5034769398448811,-0.9401216,-0.6203337,-0.6123924
421,1715181828610,0.5084451749574194,0.6288679659974193,0.47193494135225805,-0.924696466632258,-0.6061171298322581,-0.6037416099096773
422,1715181828620,0.5155179,0.64052516,0.44026962,-0.8660542,-0.5520695000000001,-0.5708536
423,1715181828630,0.5155179,0.64052516,0.44026962,-0.8660542,-0.5520695,-0.5708535999999999
424,1715181828640,0.5121014733763551,0.6348942401342282,0.4555653152607124,-0.8660542,-0.5520695,-0.5708536
425,1715181828650,0.49021152,0.59881544,0.5535689,-0.8660542,-0.5520695,-0.5708536
426,1715181828660,0.49021152,0.59881544,0.5535689,-0.8660542,-0.5520695,-0.5708536
427,1715181828670,0.49021152,0.59881544,0.5535689,-0.8660542,-0.5520695,-0.5708536
428,1715181828680,0.49021152,0.59881544,0.5535689,-0.8660542,-0.5520695,-0.5708536
429,1715181828690,0.49021152,0.59881544,0.5535689,-0.8660542,-0.5520695,-0.5708536
430,1715181828700,0.49021152,0.59881544,0.5535689,-0.8660542,-0.5520695,-0.5708536
431,1715181828710,0.49021152,0.59881544,0.5535689,-0.8660542,-0.5520695,-0.5708536
432,1715181828720,0.49021152000000007,0.59881544,0.5535689,-0.8660542,-0.5520695,-0.5708536
433,1715181828730,0.49021152,0.59881544,0.5535689,-0.8660542,-0.5520695,-0.5708536
434,1715181828740,0.49021152000000007,0.59881544,0.5535689,-0.8660542,-0.5520695,-0.5708536
435,1715181828750,0.49021152,0.59881544,0.5535689,-0.8660542,-0.5520695,-0.5708536
436,1715181828760,0.49021151999999996,0.59881544,0.5535689,-0.8660542,-0.5520695,-0.5708536
437,1715181828770,0.49021152,0.59881544,0.5535689,-0.8660542,-0.5520695,-0.5708536
438,1715181828780,0.489333883151249,0.5966667240625857,0.5580176321438375,-0.8468029703541038,-0.5317571758495745,-0.5590169204227285
439,1715181828790,0.48667476,0.5901564,0.5714967,-0.7884743,-0.47021353,-0.52320606
440,1715181828800,0.48667476,0.5901564,0.5714967,-0.7884743,-0.47021353,-0.52320606
441,1715181828810,0.521677642498642,0.593851368207496,0.531606972406301,-0.4895702369364476,-0.1350907273234655,-0.2990280257332971
442,1715181828820,0.5403974,0.59582746,0.5102737,-0.3297145,0.044135015,-0.17913623
443,1715181828830,0.5403974,0.5958274599999999,0.5102737,-0.3297145,0.044135015,-0.17913623
444,1715181828840,0.5403974,0.59582746,0.5102737,-0.3297145,0.044135015,-0.17913623
445,1715181828850,0.5403974,0.59582746,0.5102737,-0.3297145,0.044135015,-0.17913623
446,1715181828860,0.5403974,0.59582746,0.5102737,-0.3297145,0.044135015,-0.17913623
447,1715181828870,0.5403974,0.59582746,0.5102737,-0.3297145,0.04413501499999999,-0.17913623
448,1715181828880,0.5403974,0.59582746,0.5102737,-0.3297145,0.044135015,-0.17913623
449,1715181828890,0.5403974,0.59582746,0.5102737,-0.3297145,0.044135015,-0.17913623
450,1715181828900,0.5403974,0.59582746,0.5102737,-0.3297145,0.044135015,-0.17913623
451,1715181828910,0.5403973999999999,0.59582746,0.5102737,-0.3297145,0.04413501499999999,-0.17913623
452,1715181828920,0.5403974,0.5958274599999999,0.5102737,-0.3297145,0.044135015,-0.17913623
453,1715181828930,0.5403974,0.59582746,0.5102737,-0.3297145,0.044135015,-0.17913623
454,1715181828940,0.5403974,0.59582746,0.5102737,-0.3297145,0.044135015,-0.17913623
455,1715181828950,0.5403974,0.59582746,0.5102737,-0.3297145,0.044135015,-0.17913623
456,1715181828960,0.5403974,0.59582746,0.5102737,-0.3297145,0.044135015,-0.17913623
457,1715181828970,0.5403973999999999,0.59582746,0.5102737,-0.3297145,0.044135015,-0.17913623000000004
458,1715181828980,0.5403974,0.59582746,0.5102737,-0.3297145,0.044135015,-0.17913623
459,1715181828990,0.5403974,0.59582746,0.5102737,-0.32380455292613636,0.051044126224431816,-0.17522461011363638
460,1715181829000,0.5403974,0.59582746,0.5102737,-0.28725937,0.093767814,-0.15103642999999997
461,1715181829010,0.5403974,0.59582746,0.5102737,-0.28725937,0.093767814,-0.15103643
462,1715181829020,0.5420241420361758,0.5966938355245478,0.5081351725581396,-0.28725937,0.093767814,-0.15103643
463,1715181829030,0.56753314,0.6102795,0.47460085,-0.28725937,0.093767814,-0.15103643
464,1715181829040,0.56753314,0.6102795,0.47460085,-0.28725937,0.093767814,-0.15103643
465,1715181829050,0.56753314,0.6102795,0.47460085,-0.28725937000000007,0.093767814,-0.15103643
466,1715181829060,0.56753314,0.6102795,0.4746008500000001,-0.28725937,0.093767814,-0.15103643
467,1715181829070,0.5553577435069623,0.6037950880350695,0.49060671874677675,-0.28725937,0.093767814,-0.15103643
468,1715181829080,0.5403974,0.59582746,0.5102737,-0.28725937,0.093767814,-0.15103642999999997
469,1715181829090,0.5403974,0.59582746,0.5102737,-0.28725937,0.093767814,-0.15103643
470,1715181829100,0.5644279161443299,0.6086257098556701,0.4786830008762887,-0.28725937,0.093767814,-0.15103643
471,1715181829110,0.56753314,0.6102795,0.47460085,-0.28725937,0.093767814,-0.15103643
472,1715181829120,0.56753314,0.6102795,0.47460085,-0.28725937,0.093767814,-0.15103643
473,1715181829130,0.56753314,0.6102795,0.47460085,-0.28725937,0.093767814,-0.15103642999999997
474,1715181829140,0.56753314,0.6102795,0.47460085,-0.28725937,0.093767814,-0.15103643
475,1715181829150,0.56753314,0.6102795,0.47460085,-0.28725937,0.093767814,-0.15103643
476,1715181829160,0.56753314,0.6102795,0.47460085,-0.28725937,0.093767814,-0.15103643
477,1715181829170,0.56753314,0.6102795,0.47460085,-0.28725937,0.093767814,-0.15103643
478,1715181829180,0.56753314,0.6102795,0.47460085,-0.28725937,0.093767814,-0.15103643
479,1715181829190,0.56753314,0.6102795,0.47460085,-0.28725937,0.093767814,-0.15103643
480,1715181829200,0.56753314,0.6102795,0.47460085,-0.28725937,0.093767814,-0.15103643
481,1715181829210,0.56753314,0.6102795,0.47460085,-0.28725937,0.093767814,-0.15103643
482,1715181829220,0.56753314,0.6102795,0.47460085,-0.28725937,0.093767814,-0.15103643
483,1715181829230,0.56753314,0.6102795,0.47460085,-0.28725937,0.093767814,-0.15103643
484,1715181829240,0.56753314,0.6102795,0.47460085,-0.28725937,0.093767814,-0.15103643
485,1715181829250,0.56753314,0.6102795,0.47460085,-0.28725937,0.093767814,-0.15103643
486,1715181829260,0.56753314,0.6102795,0.47460085,-0.28725937,0.093767814,-0.15103643
487,1715181829270,0.56753314,0.6102795,0.47460085,-0.28725937,0.093767814,-0.15103643
488,1715181829280,0.56753314,0.6102795,0.47460085,-0.28725937,0.093767814,-0.15103643
489,1715181829290,0.56753314,0.6102795,0.47460085,-0.28725937,0.093767814,-0.15103643
490,1715181829300,0.56753314,0.6102795,0.47460085,-0.28725937,0.093767814,-0.15103643
491,1715181829310,0.56753314,0.6102795,0.47460085,-0.28725937,0.093767814,-0.15103643
492,1715181829320,0.56753314,0.6102795,0.47460085,-0.28725937,0.093767814,-0.15103643
493,1715181829330,0.56753314,0.6102795,0.47460085,-0.28725937,0.093767814,-0.15103643
494,1715181829340,0.56753314,0.6102795,0.47460085,-0.28725937,0.093767814,-0.15103643
495,1715181829350,0.56753314,0.6102795,0.47460085,-0.28725937,0.093767814,-0.15103642999999997
496,1715181829360,0.56753314,0.6102795,0.47460085,-0.28725937,0.093767814,-0.15103643
497,1715181829370,0.56753314,0.6102795,0.47460085,-0.28725937,0.093767814,-0.15103643
498,1715181829380,0.56753314,0.6102795,0.47460085,-0.2604594032235294,0.10962276339137256,-0.13794331058039214
499,1715181829390,0.56753314,0.6102795,0.47460085,-0.24724771000000004,0.117438845,-0.13148874
500,1715181829400,0.56753314,0.6102795,0.47460085,-0.2518485339534884,0.1147169822622739,-0.13373647179586565
501,1715181829410,0.56753314,0.6102795,0.47460085,-0.28725937,0.093767814,-0.15103643
502,1715181829420,0.56753314,0.6102795,0.47460085,-0.2847296005290323,0.09526443402451613,-0.14980051153548385
503,1715181829430,0.5680309615015015,0.6106850298935298,0.4739874290881791,-0.24724771,0.11743884499999999,-0.13148874
504,1715181829440,0.600096,0.6368055,0.43447655,-0.24724771,0.117438845,-0.13148874
505,1715181829450,0.600096,0.6368055,0.43447655,-0.24724771,0.117438845,-0.13148874
506,1715181829460,0.600096,0.6368055,0.43447655,-0.24724771,0.117438845,-0.13148874
507,1715181829470,0.600096,0.6368055,0.43447655,-0.18521848748913045,0.1260341139402174,-0.1310589753804348
508,1715181829480,0.600096,0.6368055,0.43447655,-0.18112154,0.12660182,-0.13103059
509,1715181829490,0.600096,0.6368055,0.43447655,-0.18112154,0.12660182,-0.13103059
510,1715181829500,0.6664822975171685,0.6951877423666138,0.35286691251452723,-0.18112154,0.12660182,-0.13103059
511,1715181829510,0.67747855,0.7048582,0.33934906,-0.18112154,0.12660182,-0.13103059
512,1715181829520,0.67747855,0.7048582,0.33934906,-0.18112154,0.12660182,-0.13103059
513,1715181829530,0.67747855,0.7048582,0.33934906000000004,-0.18112154,0.12660182,-0.13103059
514,1715181829540,0.67747855,0.7048582,0.33934906,-0.18112154,0.12660182,-0.13103059
515,1715181829550,0.67747855,0.7048582,0.33934906,-0.18112154,0.12660182,-0.13103059
516,1715181829560,0.67747855,0.7048582,0.33934906,-0.18112154,0.12660182,-0.13103059
517,1715181829570,0.67747855,0.7048582,0.33934906,-0.18112154,0.12660182,-0.13103059
518,1715181829580,0.67747855,0.7048582,0.33934906,-0.18112154,0.12660182,-0.13103059
519,1715181829590,0.67747855,0.7048582,0.33934906,-0.18112154,0.12660182,-0.13103059
520,1715181829600,0.67747855,0.7048582,0.33934906,-0.18112154,0.12660182,-0.13103059
521,1715181829610,0.67747855,0.7048581999999999,0.33934906,-0.18112154,0.12660182,-0.13103059
522,1715181829620,0.7008207074132493,0.8137577810725553,0.2926344011987382,-0.06679339143848581,-0.10502304990536278,-0.2838096994034987
523,1715181829630,0.7243106,0.9233465999999999,0.24562408,0.048258353,-0.3381139,-0.4373795
524,1715181829640,0.7105910848055407,0.9178905838945125,0.2619441510122536,0.249035380158764,-0.6352320490676612,-0.7019858755194459
525,1715181829650,0.70851696,0.91706574,0.26440567,0.27931812,-0.6800457,-0.74189585
526,1715181829660,0.70851696,0.91706574,0.26440567,0.27931812,-0.6800457,-0.74189585
527,1715181829670,0.70851696,0.91706574,0.26440567,0.27931812,-0.6800457,-0.74189585
528,1715181829680,0.70851696,0.91706574,0.26440567,0.27931812,-0.6800457,-0.74189585
529,1715181829690,0.70851696,0.91706574,0.26440567,0.27931812,-0.6800457,-0.74189585
530,1715181829700,0.70851696,0.91706574,0.26440567,0.27931812,-0.6800457,-0.74189585
531,1715181829710,0.70851696,0.91706574,0.26440567,0.27931811999999995,-0.6800457,-0.74189585
532,1715181829720,0.70851696,0.91706574,0.26440567,0.27931812,-0.6800457,-0.74189585
533,1715181829730,0.70851696,0.91706574,0.26440567,0.27931812,-0.6800457,-0.74189585
534,1715181829740,0.70851696,0.91706574,0.26440567,0.27931812,-0.6800457,-0.74189585
535,1715181829750,0.70851696,0.91706574,0.26440567,0.27931812000000006,-0.6800457,-0.74189585
536,1715181829760,0.70851696,0.91706574,0.26440567,0.27931811999999995,-0.6800457,-0.74189585
537,1715181829770,0.70851696,0.91706574,0.26440567,0.27931812,-0.6800457,-0.74189585
538,1715181829780,0.70851696,0.91706574,0.26440567,0.27931812,-0.6800457,-0.74189585
539,1715181829790,0.70851696,0.91706574,0.26440567000000004,0.27931812,-0.6800457,-0.74189585
540,1715181829800,0.70851696,0.91706574,0.26440567,0.27931811999999995,-0.6800457,-0.74189585
541,1715181829810,0.70851696,0.91706574,0.26440567,0.27931812,-0.6800457,-0.7418958499999999
542,1715181829820,0.70851696,0.91706574,0.26440567,0.27931812,-0.6800457,-0.74189585
543,1715181829830,0.70851696,0.91706574,0.26440567,0.27931812,-0.6800457,-0.74189585
544,1715181829840,0.70851696,0.91706574,0.26440567,0.27931812,-0.6800457,-0.74189585
545,1715181829850,0.70851696,0.91706574,0.26440567,0.27931812,-0.6800457,-0.74189585
546,1715181829860,0.70851696,0.91706574,0.26440567,0.27931812,-0.6800457,-0.74189585
547,1715181829870,0.70851696,0.91706574,0.26440567,0.27931812,-0.6800457,-0.74189585
548,1715181829880,0.70851696,0.91706574,0.26440567,0.27931812,-0.6800456999999999,-0.74189585
549,1715181829890,0.70851696,0.91706574,0.26440567,0.27931811999999995,-0.6800457,-0.74189585
550,1715181829900,0.70851696,0.91706574,0.26440567,0.27931812,-0.6800457,-0.74189585
551,1715181829910,0.70851696,0.91706574,0.26440567,0.27931812,-0.6800457,-0.74189585
552,1715181829920,0.70851696,0.9170657399999999,0.26440567,0.27931812,-0.6800456999999999,-0.74189585
553,1715181829930,0.6866392699225606,0.8725746226845638,0.31647714915332986,0.2819089754052659,-0.6810736379452761,-0.7439808180046463
554,1715181829940,0.66680723,0.8322436,0.36367974,0.52412236,-0.7771733,-0.9388999
555,1715181829950,0.66680723,0.8322436,0.36367974,0.52412236,-0.7771733,-0.9388999
556,1715181829960,0.66680723,0.8322436,0.36367974,0.52412236,-0.7771733,-0.9388999
557,1715181829970,0.66680723,0.8322435999999999,0.36367974,0.52412236,-0.7771733,-0.9388999
558,1715181829980,0.66680723,0.8322436,0.36367974,0.52412236,-0.7771733,-0.9388999
559,1715181829990,0.66680723,0.8322436,0.36367974,0.52412236,-0.7771733,-0.9388999
560,1715181830000,0.66680723,0.8322436,0.36367974,0.52412236,-0.7771733,-0.9388999
561,1715181830010,0.66680723,0.8322436,0.36367974,0.52412236,-0.7771733,-0.9388999
562,1715181830020,0.66680723,0.8322436,0.36367974,0.52412236,-0.7771733,-0.9388999
563,1715181830030,0.66680723,0.8322436,0.36367974,0.52412236,-0.7771733,-0.9388999
564,1715181830040,0.66680723,0.8322436,0.36367974,0.52412236,-0.7771733,-0.9388999
565,1715181830050,0.66680723,0.8322436,0.36367974,0.52412236,-0.7771733,-0.9388999
566,1715181830060,0.66680723,0.8322436,0.36367974,0.52412236,-0.7771733,-0.9388999
567,1715181830070,0.66680723,0.8322436,0.36367974,0.52412236,-0.7771733000000001,-0.9388999
568,1715181830080,0.66680723,0.8322436,0.36367974,0.52412236,-0.7771733,-0.9388999
569,1715181830090,0.66680723,0.8322436,0.3636797399999999,0.52412236,-0.7771733,-0.9388999
570,1715181830100,0.66680723,0.8322436,0.36367974,0.52412236,-0.7771733,-0.9388999
571,1715181830110,0.66680723,0.8322436,0.3636797399999999,0.52412236,-0.7771733,-0.9388999
572,1715181830120,0.66680723,0.8322436,0.3636797399999999,0.52412236,-0.7771733,-0.9388999
573,1715181830130,0.66680723,0.8322436,0.36367974,0.52412236,-0.7771733,-0.9388999
574,1715181830140,0.5875953,0.6599165000000001,0.40288937,0.8023715,-0.50747633,-0.6800457000000001
575,1715181830150,0.5875953,0.6599165,0.40288937,0.8023715,-0.50747633,-0.6800457
576,1715181830160,0.5875953,0.6599165,0.40288937,0.8023715,-0.50747633,-0.6800457
577,1715181830170,0.5875953000000002,0.6599165,0.40288937,0.8023715,-0.50747633,-0.6800457
578,1715181830180,0.5875953,0.6599165,0.40288937,0.8023715,-0.50747633,-0.6800457
579,1715181830190,0.5875953,0.6599164999999999,0.40288937,0.8023715,-0.50747633,-0.6800457
580,1715181830200,0.5875953,0.6599165000000001,0.40288937,0.8023715,-0.50747633,-0.6800457
581,1715181830210,0.5875953,0.6599165,0.40288937,0.8023715,-0.50747633,-0.6800457
582,1715181830220,0.5875953,0.6599165,0.40288937,0.8023715,-0.50747633,-0.6800457
583,1715181830230,0.5875953,0.6599165,0.40288937,0.8023715,-0.50747633,-0.6800457
584,1715181830240,0.5875953,0.6599165,0.40288937,0.8023715,-0.50747633,-0.6800457
585,1715181830250,0.5875953,0.6599165,0.40288937,0.8023715,-0.50747633,-0.6800457
586,1715181830260,0.5875953,0.6599165,0.40288937,0.8023715,-0.50747633,-0.6800457
587,1715181830270,0.5875953,0.6599165,0.40288936999999997,0.8023715,-0.50747633,-0.6800456999999999
588,1715181830280,0.5875953,0.6599165000000001,0.40288937,0.8023715,-0.50747633,-0.6800457
589,1715181830290,0.5875953,0.6599165,0.40288937,0.8023715,-0.50747633,-0.6800457
590,1715181830300,0.5875953,0.6599165,0.40288936999999997,0.8023715,-0.50747633,-0.6800456999999999
591,1715181830310,0.5875953,0.6599165,0.40288937,0.8023715,-0.50747633,-0.6800457
592,1715181830320,0.5875953,0.6599165,0.40288937,0.8023715,-0.50747633,-0.6800457
593,1715181830330,0.5875953,0.6599165,0.40288937,0.8023715,-0.50747633,-0.6800457
594,1715181830340,0.5875953000000002,0.6599165,0.40288937,0.8023715,-0.50747633,-0.6800457
595,1715181830350,0.5875953,0.6599165,0.40288937,0.8023715,-0.50747633,-0.6800457
596,1715181830360,0.5875953,0.6599165,0.40288937,0.8023715,-0.50747633,-0.6800457
597,1715181830370,0.5875953,0.6599164999999999,0.40288937,0.8023715,-0.50747633,-0.6800457
598,1715181830380,0.5875953,0.6599165,0.40288937,0.8023715,-0.50747633,-0.6800457
599,1715181830390,0.5875953,0.6599165000000001,0.40288937,0.8023715,-0.50747633,-0.6800457
600,1715181830400,0.5875953,0.6599165,0.40288937,0.8023715,-0.50747633,-0.6800457
601,1715181830410,0.5875953,0.6599165,0.40288936999999997,0.8023715,-0.50747633,-0.6800456999999999
602,1715181830420,0.5875953,0.6599165,0.40288937,0.8023715,-0.50747633,-0.6800457
603,1715181830430,0.5875953,0.6599165,0.40288937,0.8023715,-0.50747633,-0.6800457
604,1715181830440,0.5875953,0.6599165,0.40288937,0.8023715,-0.50747633,-0.6800457
605,1715181830450,0.5875953,0.6599165,0.40288937,0.8023715,-0.50747633,-0.6800457
606,1715181830460,0.5875953,0.6599165,0.40288937,0.8023715,-0.50747633,-0.6800457
607,1715181830470,0.5875953,0.6599165,0.40288937,0.8023715,-0.50747633,-0.6800457
608,1715181830480,0.5875953,0.6599165,0.40288937,0.8023715,-0.50747633,-0.6800457
609,1715181830490,0.5875953,0.6599165,0.40288937,0.8023715,-0.50747633,-0.6800457
610,1715181830500,0.5875953,0.6599165,0.40288937,0.8023715,-0.50747633,-0.6800457
611,1715181830510,0.5875953,0.6599165,0.40288937,0.8023715,-0.50747633,-0.6800457
612,1715181830520,0.5875953,0.6599165,0.40288937,0.8023715,-0.50747633,-0.6800456999999999
613,1715181830530,0.5875953,0.6599165,0.40288937,0.8023715,-0.50747633,-0.6800457
614,1715181830540,0.5875953,0.6599165,0.40288937,0.8023715,-0.50747633,-0.6800457
615,1715181830550,0.6304097340975897,0.9010096436272781,0.25403771265726044,0.6468957800705468,-0.12218248147971782,-0.04193798968253967
616,1715181830560,0.6424765,0.96895903,0.21208555,0.6030767,-0.013591751,0.1375974
617,1715181830570,0.6424765,0.96895903,0.21208555,0.6030767,-0.013591751,0.1375974
618,1715181830580,0.6424765,0.96895903,0.21208555,0.6030767,-0.013591751,0.1375974
619,1715181830590,0.6424765,0.96895903,0.21208555,0.6030766999999999,-0.013591751,0.1375974
620,1715181830600,0.6424765,0.96895903,0.21208555,0.6030767,-0.013591751,0.1375974
621,1715181830610,0.6424765,0.96895903,0.21208555,0.6030767,-0.013591751,0.1375974
622,1715181830620,0.6424765000000001,0.96895903,0.21208555,0.6030767,-0.013591751,0.1375974
623,1715181830630,0.6424765,0.96895903,0.21208555,0.6030767,-0.013591751,0.1375974
624,1715181830640,0.6424765,0.96895903,0.21208554999999998,0.6030767,-0.013591751,0.1375974
625,1715181830650,0.6424765,0.96895903,0.21208555,0.6030766999999999,-0.013591751,0.1375974
626,1715181830660,0.6424765,0.96895903,0.21208555,0.6030766999999999,-0.013591751,0.1375974
627,1715181830670,0.6424765,0.96895903,0.21208555,0.6030767,-0.013591751,0.1375974
628,1715181830680,0.6424765,0.96895903,0.21208555,0.6030767,-0.013591751,0.1375974
629,1715181830690,0.6424765,0.96895903,0.21208555,0.6030766999999999,-0.013591751,0.1375974
630,1715181830700,0.6424765,0.96895903,0.21208555,0.6030767,-0.013591751,0.1375974
631,1715181830710,0.6424765,0.96895903,0.21208555,0.6030767,-0.013591751,0.1375974
632,1715181830720,0.6424765,0.96895903,0.21208555,0.6030767,-0.013591751,0.1375974
633,1715181830730,0.6424765,0.96895903,0.21208555,0.6030767,-0.013591751,0.1375974
634,1715181830740,0.6424765,0.96895903,0.21208555,0.6030767,-0.013591751,0.1375974
635,1715181830750,0.6424765,0.96895903,0.21208555,0.6030767,-0.013591751,0.1375974
636,1715181830760,0.6424765,0.9689590300000002,0.21208555,0.6030767,-0.013591751,0.1375974
637,1715181830770,0.6424765,0.96895903,0.21208555,0.6030767,-0.013591751,0.1375974
638,1715181830780,0.6424765000000001,0.96895903,0.21208555,0.6030767,-0.013591751,0.1375974
639,1715181830790,0.6424764999999999,0.96895903,0.21208555,0.6030767,-0.013591751,0.1375974
640,1715181830800,0.6424765,0.96895903,0.21208555,0.6030767,-0.013591751,0.1375974
641,1715181830810,0.6424765,0.96895903,0.21208555,0.6030767,-0.013591751,0.1375974
642,1715181830820,0.6424765,0.96895903,0.21208554999999998,0.6030767,-0.013591751,0.1375974
643,1715181830830,0.6424765,0.96895903,0.21208555,0.6030767,-0.013591751,0.1375974
644,1715181830840,0.6424765,0.96895903,0.21208555,0.6030767,-0.013591751,0.1375974
645,1715181830850,0.6424765,0.9689590300000002,0.21208555,0.6030767,-0.013591751,0.1375974
646,1715181830860,0.6424765,0.96895903,0.21208555,0.6030767,-0.013591751,0.1375974
647,1715181830870,0.6424765,0.96895903,0.21208555,0.6030767,-0.013591751,0.1375974
648,1715181830880,0.6545542420779221,0.9824341546415585,0.2014517908727273,0.6030767,-0.013591751,0.1375974
649,1715181830890,0.6572335,0.9854234,0.19909698,0.5851565308444903,-0.014379907166323378,0.1341544004376931
650,1715181830900,0.6572335,0.9854234,0.19909698,0.5371033,-0.016493361,0.12492194
651,1715181830910,0.6572335,0.9854234,0.19909698,0.5371033,-0.016493361,0.12492194
652,1715181830920,0.6572335,0.9854234,0.19909698,0.5371033,-0.016493361,0.12492194
653,1715181830930,0.6572335,0.9854234,0.19909698,0.5371033,-0.016493361,0.12492194
654,1715181830940,0.6572335,0.9854234,0.19909698,0.5371033,-0.016493361,0.12492194
655,1715181830950,0.6572335,0.9854234,0.19909698,0.5371033,-0.016493361,0.12492194
656,1715181830960,0.6572335,0.9854234,0.19909698,0.5371033,-0.016493361,0.12492194
657,1715181830970,0.6572335,0.9854234,0.19909698,0.5371033,-0.016493361,0.12492194
658,1715181830980,0.6572335,0.9854234,0.19909698,0.5371033,-0.016493361,0.12492194
659,1715181830990,0.6572335,0.9854234,0.19909698,0.570879643011583,-0.015007826305019305,0.131411384
660,1715181831000,0.6572335,0.9854234,0.19909698,0.5371033,-0.016493361,0.12492194
661,1715181831010,0.6572335,0.9854234,0.19909698,0.5371033,-0.016493361,0.12492194
662,1715181831020,0.6572335,0.9854234,0.19909698,0.5371033,-0.016493361,0.12492193999999998
663,1715181831030,0.6572335,0.9854234,0.19909698,0.5371033,-0.016493361,0.12492194
664,1715181831040,0.6572335,0.9854234,0.19909698,0.5371033,-0.016493361,0.12492194
665,1715181831050,0.6572335,0.9854234,0.19909698,0.5371033,-0.016493361,0.12492194
666,1715181831060,0.6482404563206025,1.0034876502420655,0.1854901332867133,0.3224083071221086,0.0011326804825174813,0.03600835166218397
667,1715181831070,0.62918305,1.0417681,0.15665549,-0.13255776,0.03848451,-0.15241088
668,1715181831080,0.62918305,1.0417681,0.15665549,-0.13255776,0.03848451,-0.15241088
669,1715181831090,0.62918305,1.0417681,0.15665548999999998,-0.13255776,0.03848451,-0.15241088
670,1715181831100,0.62918305,1.0417681,0.15665549,-0.13255776,0.03848451,-0.15241088000000003
671,1715181831110,0.62918305,1.0417681,0.15665549,-0.13255776,0.03848451,-0.15241088
672,1715181831120,0.6270025370461422,1.0415210918683813,0.15606599391452347,-0.1427725399357035,0.03844292312405446,-0.15313085310892585
673,1715181831130,0.5010658,1.027255,0.12201932,-0.73273283,0.03604105,-0.1947133
674,1715181831140,0.5010658,1.027255,0.12201932,-0.73273283,0.03604105,-0.1947133
675,1715181831150,0.5010658,1.027255,0.12201932,-0.838054204352185,0.02062816585192802,-0.20740626306683804
676,1715181831160,0.5010658,1.027255,0.12201932,-0.8391761,0.020463986,-0.20754147
677,1715181831170,0.5010658,1.027255,0.12201932,-0.8391761,0.020463986,-0.20754147
678,1715181831180,0.5010658,1.027255,0.12201932,-0.8391761,0.020463986,-0.20754147
679,1715181831190,0.3920159534802784,0.9918395030162412,0.20966888271461717,-0.8391761,0.020463986,-0.20754147
680,1715181831200,0.37770495,0.9871918,0.22117145,-0.8391761,0.020463986,-0.20754147
681,1715181831210,0.37770495,0.9871918,0.22117145,-0.8391761,0.020463986,-0.20754147
682,1715181831220,0.3746898935338983,0.9836162451059322,0.23064182332627117,-0.8396964385932204,0.026102971316949154,-0.20659760572457628
683,1715181831230,0.33965397,0.94206715,0.3406906,-0.84574294,0.09162979,-0.1956296
684,1715181831240,0.33965397,0.94206715,0.3406906,-0.84574294,0.09162979,-0.1956296
685,1715181831250,0.33965397,0.94206715,0.3406906,-0.84574294,0.09162979,-0.1956296
686,1715181831260,0.33965397,0.94206715,0.34069060000000007,-0.8457429399999999,0.09162979,-0.1956296
687,1715181831270,0.33965397,0.94206715,0.3406906,-0.84574294,0.09162978999999999,-0.1956296
688,1715181831280,0.33965397,0.94206715,0.3406906,-0.84574294,0.09162979,-0.1956296
689,1715181831290,0.33965397,0.9420671499999999,0.3406906,-0.84574294,0.09162979,-0.1956296
690,1715181831300,0.3396539700000001,0.94206715,0.3406906,-0.84574294,0.09162979,-0.1956296
691,1715181831310,0.337706632311192,0.9349190242493176,0.34767253011828936,-0.8234994256050956,0.104773677788899,-0.18516206747952682
692,1715181831320,0.333245210242393,0.9200763449716348,0.3621540348942754,-0.788627,0.1253801,-0.16875152
693,1715181831330,0.3286777,0.9082847,0.37361938,-0.788627,0.1253801,-0.16875152
694,1715181831340,0.3286777,0.9082847,0.37361938,-0.788627,0.1253801,-0.16875152
695,1715181831350,0.3208000418507129,0.8949200994688287,0.3776561849091417,-0.7266652893486162,0.14020771196533408,-0.14096201594632374
696,1715181831360,0.3164209,0.8874908,0.37990022,-0.69226307,0.14844026,-0.1255328
697,1715181831370,0.3164209,0.8874908,0.37990022,-0.69226307,0.14844026,-0.1255328
698,1715181831380,0.3164209,0.8874908,0.37990022,-0.69226307,0.14844026,-0.1255328
699,1715181831390,0.31399251282828283,0.8850368505050505,0.3782642480808081,-0.69226307,0.14844026,-0.1255328
700,1715181831400,0.31062788,0.8816368,0.37599754,-0.69226307,0.14844026,-0.1255328
701,1715181831410,0.31062788,0.8816368,0.37599754,-0.69226307,0.14844026,-0.1255328
702,1715181831420,0.31062788,0.8816368,0.37599754,-0.69226307,0.14844026,-0.1255328
703,1715181831430,0.31062788,0.8816368,0.37599754,-0.6343729531946584,0.15130535770159217,-0.10110408127118645
704,1715181831440,0.31062788,0.8816368,0.37599754,-0.63361996,0.15134187,-0.100792766
705,1715181831450,0.31062788,0.8816368,0.37599754,-0.63361996,0.15134187,-0.100792766
706,1715181831460,0.31062788,0.8816368,0.37599754,-0.6336199599999999,0.15134187,-0.100792766
707,1715181831470,0.31062788,0.8816368,0.37599754,-0.63361996,0.15134186999999996,-0.100792766
708,1715181831480,0.31062788,0.8816368,0.3759975400000001,-0.63361996,0.15134187,-0.100792766
709,1715181831490,0.31062787999999997,0.8816368,0.37599754,-0.63361996,0.15134187,-0.100792766
710,1715181831500,0.31062788,0.8816368,0.37599754,-0.63361996,0.15134187,-0.100792766
711,1715181831510,0.31062788,0.8816368,0.37599754,-0.63361996,0.15134187,-0.100792766
712,1715181831520,0.31203057359979375,0.8830542589994843,0.3769435222588963,-0.63361996,0.15134187,-0.100792766
713,1715181831530,0.31219372199383355,0.8832191247687564,0.37705242678314493,-0.63361996,0.15134187,-0.100792766
714,1715181831540,0.31062788,0.8816368,0.37599754,-0.63361996,0.15134187,-0.100792766
715,1715181831550,0.31062788,0.8816368,0.37599754,-0.63361996,0.15134187,-0.100792766
716,1715181831560,0.31062788,0.8816368,0.37599754,-0.63361996,0.15134187,-0.100792766
717,1715181831570,0.31062788,0.8816368,0.37599754,-0.63361996,0.15134187,-0.100792766
718,1715181831580,0.31062788,0.8816368,0.37599754,-0.63361996,0.15134187,-0.100792766
719,1715181831590,0.31062788,0.8816368,0.37599754,-0.63361996,0.15134187000000002,-0.100792766
720,1715181831600,0.31062788,0.8816368,0.37599754,-0.6336199599999999,0.15134187,-0.100792766
721,1715181831610,0.31062788,0.8816368,0.37599754,-0.63361996,0.15134187,-0.10079276599999999
722,1715181831620,0.31062788,0.8816368,0.37599754,-0.63361996,0.15134187,-0.100792766
723,1715181831630,0.31062788,0.8816368,0.37599754,-0.63361996,0.15134187,-0.100792766
724,1715181831640,0.31062788,0.8816368,0.37599754,-0.63361996,0.15134187,-0.100792766
725,1715181831650,0.31062788,0.8816368,0.37599754,-0.63361996,0.15134187,-0.100792766
726,1715181831660,0.31062788,0.8816368,0.37599754,-0.63361996,0.15134187,-0.100792766
727,1715181831670,0.31062788,0.8816368,0.37599754,-0.63361996,0.15134187,-0.100792766
728,1715181831680,0.31062788,0.8816368,0.37599754,-0.63361996,0.15134187,-0.100792766
729,1715181831690,0.31062788,0.8816368,0.37599754,-0.63361996,0.15134187,-0.100792766
730,1715181831700,0.31062788,0.8816368,0.37599754,-0.6336199599999999,0.15134187,-0.100792766
731,1715181831710,0.31062788,0.8816368,0.37599754,-0.63361996,0.15134187,-0.100792766
732,1715181831720,0.31062788,0.8816368,0.37599754,-0.63361996,0.15134187,-0.100792766
733,1715181831730,0.31062788,0.8816368,0.37599754,-0.63361996,0.15134187,-0.100792766
734,1715181831740,0.31062788,0.8816368,0.37599754,-0.63361996,0.15134187,-0.100792766
735,1715181831750,0.31062788,0.8816368,0.37599754,-0.63361996,0.15134187,-0.100792766
736,1715181831760,0.31062788,0.8816368,0.37599754,-0.63361996,0.15134187,-0.100792766
737,1715181831770,0.31062788,0.8816368,0.37599754,-0.63361996,0.15134187,-0.100792766
738,1715181831780,0.31062788,0.8816368,0.37599754,-0.63361996,0.15134187000000002,-0.100792766
739,1715181831790,0.31062788,0.8816368,0.37599753999999996,-0.63361996,0.15134187,-0.100792766
740,1715181831800,0.31062788,0.8816368,0.37599754,-0.63361996,0.15134187,-0.10079276599999999
741,1715181831810,0.31062788,0.8816368,0.37599754,-0.63361996,0.15134187,-0.100792766
742,1715181831820,0.31062788,0.8816368,0.37599754,-0.63361996,0.15134187,-0.100792766
743,1715181831830,0.31062788,0.8816368,0.37599754,-0.63361996,0.15134187,-0.100792766
744,1715181831840,0.3330052663323707,0.8695911240220531,0.3699270781911263,-0.63361996,0.15134187,-0.100792766
745,1715181831850,0.3679483,0.8507814,0.36044785,-0.3861398562628866,0.04148353672036083,-0.04154631458247423
746,1715181831860,0.3679483,0.8507814,0.36044785,-0.3491095,0.025045475,-0.03268129
747,1715181831870,0.3679483,0.8507814,0.36044785,-0.3491095,0.025045475,-0.03268129
748,1715181831880,0.3679483,0.8507814,0.36044785,-0.3491095,0.025045475,-0.03268129
749,1715181831890,0.3679483,0.8507814,0.36044785,-0.3491095,0.025045475,-0.03268129
750,1715181831900,0.3679483,0.8507814,0.36044785,-0.3491095,0.025045475,-0.03268129
751,1715181831910,0.3679483,0.8507814,0.36044785,-0.3491095,0.025045475,-0.03268129
752,1715181831920,0.3679483,0.8507814,0.36044785,-0.3491095,0.025045475,-0.03268129
753,1715181831930,0.3679483,0.8507813999999999,0.36044785,-0.3491095000000001,0.025045474999999998,-0.03268129
754,1715181831940,0.3679483,0.8507814,0.36044785,-0.3491095,0.025045475,-0.03268129
755,1715181831950,0.3679483,0.8507814,0.36044785,-0.3491095000000001,0.025045474999999998,-0.03268129
756,1715181831960,0.3679483,0.8507814,0.36044785,-0.34910949999999996,0.025045475,-0.03268129
757,1715181831970,0.54539764,0.74358,0.29782224000000007,0.1337795,0.06414085,-0.69134676
758,1715181831980,0.4317545453247753,0.8420744583311938,0.23790855071630296,0.18232915982028242,0.011194949807445443,-0.7193169692426187
759,1715181831990,0.4232564,0.8494398,0.23342825,0.2501493,-0.0627664,-0.7583892
760,1715181832000,0.4232564,0.8494398,0.23342825,0.2501493,-0.0627664,-0.7583892
761,1715181832010,0.4232564,0.8494398,0.23342825,0.2501493,-0.0627664,-0.7583892
762,1715181832020,0.4232564,0.8494398,0.23342824999999998,0.2501493,-0.0627664,-0.7583892
763,1715181832030,0.4232564,0.8494398,0.23342825,0.2501493,-0.0627664,-0.7583892
764,1715181832040,0.4232564,0.8494398,0.23342824999999998,0.2501493,-0.0627664,-0.7583892
765,1715181832050,0.4232564,0.8494398,0.23342825,0.2501493,-0.0627664,-0.7583892
766,1715181832060,0.4232564,0.8494398,0.23342825,0.2501493,-0.0627664,-0.7583892
767,1715181832070,0.4232564,0.8494398,0.23342825,0.2501493,-0.0627664,-0.7583891999999999
768,1715181832080,0.4232564,0.8494398,0.23342825,0.2501493,-0.0627664,-0.7583892
769,1715181832090,0.4232564,0.8494398,0.23342825,0.2501493,-0.0627664,-0.7583892
770,1715181832100,0.4232564,0.8494398,0.23342825,0.2501493,-0.0627664,-0.7583892
771,1715181832110,0.4232564,0.8494398,0.23342825,0.2501493,-0.0627664,-0.7583892
772,1715181832120,0.4232563999999999,0.8494398,0.23342825,0.2501493,-0.0627664,-0.7583892
773,1715181832130,0.4232564,0.8494398,0.23342825,0.2501493,-0.0627664,-0.7583892
774,1715181832140,0.4232564,0.8494398000000001,0.23342825,0.2501493,-0.0627664,-0.7583892
775,1715181832150,0.4232564,0.8494398,0.23342825,0.2501493,-0.0627664,-0.7583892
776,1715181832160,0.4232564,0.8494398,0.23342825,0.2501493,-0.0627664,-0.7583892
777,1715181832170,0.4232564,0.8494398,0.23342825,0.2501493,-0.0627664,-0.7583892
778,1715181832180,0.4232564,0.8494398,0.23342825,0.2501493,-0.0627664,-0.7583892
779,1715181832190,0.4232564,0.8494398,0.23342825,0.2501493,-0.0627664,-0.7583892
780,1715181832200,0.4232564,0.8494398000000001,0.23342825,0.26834132401859506,-0.09869180805785124,-0.7573190789772728
781,1715181832210,0.4232564,0.8494398,0.23342825,0.30466905,-0.1704314,-0.75518215
782,1715181832220,0.4232564,0.8494398,0.23342825,0.30466905,-0.1704314,-0.7551821500000001
783,1715181832230,0.4232564,0.8494398,0.23342825,0.30466905,-0.1704314,-0.75518215
784,1715181832240,0.4232564,0.8494398,0.23342825,0.30466905,-0.1704314,-0.75518215
785,1715181832250,0.4232564,0.8494398,0.23342825,0.30466905,-0.1704314,-0.75518215
786,1715181832260,0.4232564,0.8494398,0.23342825,0.30466905,-0.1704314,-0.75518215
787,1715181832270,0.4021883982147477,0.8913705268822769,0.2240646966442432,0.30466905,-0.17043140000000004,-0.75518215
788,1715181832280,0.3919741,0.9116996,0.21952501,0.30466905,-0.1704314,-0.75518215
789,1715181832290,0.3919741,0.9116996,0.21952501,0.30466905,-0.1704314,-0.75518215
790,1715181832300,0.3919741,0.9116996,0.21952501,0.30466905,-0.1704314,-0.75518215
791,1715181832310,0.3919741,0.9116996,0.21952501,0.30466905,-0.1704314,-0.75518215
792,1715181832320,0.3919741,0.9116996,0.21952501,0.30466905,-0.1704314,-0.75518215
793,1715181832330,0.3919741,0.9116996,0.21952501,0.30466905,-0.1704314,-0.75518215
794,1715181832340,0.3919741,0.9116996,0.21952501,0.30466905,-0.1704314,-0.75518215
795,1715181832350,0.3919741,0.9116996,0.21952501,0.30466905,-0.1704314,-0.75518215
796,1715181832360,0.3919741,0.9116996,0.21952501,0.30466905,-0.1704314,-0.75518215
797,1715181832370,0.3919741,0.9116996,0.21952501,0.30466905,-0.17043139999999998,-0.75518215
798,1715181832380,0.3919741,0.9116996,0.21952501,0.30466905,-0.1704314,-0.75518215
799,1715181832390,0.3919741,0.9116996,0.21952501,0.30466905,-0.1704314,-0.75518215
800,1715181832400,0.3919741,0.9116996,0.21952501,0.30466905,-0.1704314,-0.75518215
801,1715181832410,0.3919741,0.9116996,0.21952500999999996,0.30466905,-0.1704314,-0.75518215
802,1715181832420,0.3919741,0.9116996,0.21952501,0.30466905,-0.1704314,-0.75518215
803,1715181832430,0.3919741,0.9116996,0.21952501,0.30466905,-0.17043140000000004,-0.75518215
804,1715181832440,0.4956569114709518,0.9889275231149567,0.20905414600741656,0.9037359137206427,-1.038127059250103,-0.8245806565100947
805,1715181832450,0.53990954,1.021889,0.2045851,1.1594223,-1.4077389,-0.8541423
806,1715181832460,0.53990954,1.021889,0.2045851,1.1594222999999997,-1.4077389,-0.8541423
807,1715181832470,0.53990954,1.021889,0.2045851,1.1594223,-1.4077389,-0.8541422999999999
808,1715181832480,0.53990954,1.021889,0.2045851,1.1594223,-1.4077389,-0.8541423
809,1715181832490,0.53990954,1.021889,0.2045851,1.1594223,-1.4077389,-0.8541423
810,1715181832500,0.53990954,1.021889,0.2045851,1.1594223,-1.4077389,-0.8541423
811,1715181832510,0.53990954,1.021889,0.2045851,1.1594223,-1.4077389,-0.8541423
812,1715181832520,0.53990954,1.021889,0.2045851,1.1594223,-1.4077389,-0.8541423
813,1715181832530,0.53990954,1.021889,0.2045851,1.1594223,-1.4077389,-0.8541423
814,1715181832540,0.53990954,1.021889,0.2045851,1.1594223,-1.4077389,-0.8541423
815,1715181832550,0.53990954,1.021889,0.2045851,1.1594223,-1.4077389,-0.8541423
816,1715181832560,0.53990954,1.021889,0.2045851,1.1594223,-1.4077389,-0.8541423
817,1715181832570,0.53990954,1.021889,0.2045851,1.1594223,-1.4077389,-0.8541423
818,1715181832580,0.53990954,1.021889,0.2045851,1.1594223,-1.4077389,-0.8541423000000001
819,1715181832590,0.53990954,1.021889,0.2045851,1.1594223,-1.4077389,-0.8541423
820,1715181832600,0.53990954,1.021889,0.2045851,1.1594223,-1.4077389,-0.8541423
821,1715181832610,0.53990954,1.021889,0.2045851,1.1594223,-1.4077389,-0.8541423
822,1715181832620,0.53990954,1.021889,0.2045851,1.1594223,-1.4077389,-0.8541423
823,1715181832630,0.53990954,1.021889,0.2045851,1.1594223,-1.4077389,-0.8541423
824,1715181832640,0.53990954,1.021889,0.2045851,1.1594223,-1.4077389,-0.8541423
825,1715181832650,0.53990954,1.021889,0.2045851,1.1594223,-1.4077389,-0.8541423
826,1715181832660,0.53990954,1.021889,0.2045851,1.1594223,-1.4077389,-0.8541423
827,1715181832670,0.53990954,1.021889,0.2045851,1.1594223,-1.4077389,-0.8541423
828,1715181832680,0.53990954,1.021889,0.2045851,1.1594223,-1.4077389,-0.8541423
829,1715181832690,0.53990954,1.021889,0.2045851,1.1594223,-1.4077389,-0.8541423
830,1715181832700,0.53990954,1.021889,0.2045851,1.1594223,-1.4077389,-0.8541422999999999
831,1715181832710,0.53990954,1.021889,0.2045851,1.1594223,-1.4077389,-0.8541423
832,1715181832720,0.53990954,1.021889,0.2045851,1.1594223,-1.4077389,-0.8541423
833,1715181832730,0.53990954,1.021889,0.2045851,1.1594223,-1.4077389,-0.8541423
834,1715181832740,0.53990954,1.021889,0.2045851,1.1594223,-1.4077389,-0.8541423
835,1715181832750,0.53990954,1.021889,0.2045851,1.1594223,-1.4077389,-0.8541423
836,1715181832760,0.53990954,1.021889,0.2045851,1.1594223,-1.4077389,-0.8541423
837,1715181832770,0.5400635729387991,1.021732502309469,0.20449391297632794,1.159922243273672,-1.4083314255484989,-0.854457079330254
838,1715181832780,0.5551544,1.0064002,0.19556019,1.2089024,-1.466382,-0.88529646
839,1715181832790,0.5551544,1.0064002,0.19556019,1.2089024000000002,-1.466382,-0.88529646
840,1715181832800,0.408980360182025,0.7753773916268487,0.3444259544311718,1.1875061924345849,-0.9906852905688281,-0.5916130786006826
841,1715181832810,0.4028284,0.76565444,0.3506912,1.1866057000000003,-0.97066486,-0.57925296
842,1715181832820,0.4212331614057508,0.771903299829606,0.3473226714962726,1.1768247039669861,-0.8997526427635782,-0.5171229762726305
843,1715181832830,0.42581752,0.7734598,0.34648362,1.1743884,-0.8820894399999999,-0.5016731
844,1715181832840,0.42581752,0.7734598,0.34648362,1.1743884,-0.88208944,-0.5016731
845,1715181832850,0.42581752000000006,0.7734598,0.34648362,1.1743884,-0.88208944,-0.5016731
846,1715181832860,0.42581752,0.7734598,0.34648362,1.1743884,-0.88208944,-0.5016731
847,1715181832870,0.42581752,0.7734598,0.34648362,1.1743884,-0.88208944,-0.5016731
848,1715181832880,0.42581752,0.7734598,0.34648362,1.1743884000000002,-0.88208944,-0.5016731
849,1715181832890,0.42581752,0.7734598,0.34648362,1.1743884,-0.88208944,-0.5016731
850,1715181832900,0.42581752,0.7734598,0.34648362000000005,1.1743884000000002,-0.88208944,-0.5016731
851,1715181832910,0.42581752,0.7734598,0.34648362,1.1743884,-0.88208944,-0.5016731
852,1715181832920,0.42581752,0.7734598,0.34648362,1.1743884,-0.88208944,-0.5016731
853,1715181832930,0.42581752,0.7734598,0.34648362000000005,1.1743884000000002,-0.88208944,-0.5016731
854,1715181832940,0.42581752,0.7734598,0.34648362,1.1743884000000002,-0.88208944,-0.5016731
855,1715181832950,0.42581752,0.7734598,0.34648362,1.1743884,-0.88208944,-0.5016731
856,1715181832960,0.42581752,0.7734598,0.34648362,1.1743884,-0.88208944,-0.5016731
857,1715181832970,0.42581752,0.7734598,0.34648362,1.1743884,-0.88208944,-0.5016731
858,1715181832980,0.42581752,0.7734598,0.34648362,1.1743884,-0.88208944,-0.5016731
859,1715181832990,0.42581752,0.7734598,0.34648362,1.1743884,-0.88208944,-0.5016731
860,1715181833000,0.42581752,0.7734598,0.34648362,1.1743884000000002,-0.88208944,-0.5016731
861,1715181833010,0.42581752,0.7734598,0.34648362,1.1743884,-0.88208944,-0.5016731
862,1715181833020,0.42581752,0.7734598,0.34648362000000005,1.1743884000000002,-0.88208944,-0.5016731
863,1715181833030,0.42581752,0.7734598,0.34648362,1.1743884,-0.88208944,-0.5016731
864,1715181833040,0.4537268949136939,0.7917107235903338,0.3186177592405063,1.1553753044879171,-0.7908374832681243,-0.42867153176064443
865,1715181833050,0.5040538,0.82462126,0.26836932,1.1210904,-0.6262896,-0.29703322
866,1715181833060,0.5040538,0.82462126,0.26836932,1.1210904,-0.6262896,-0.29703322
867,1715181833070,0.5112453356285028,0.8263642239711769,0.23572178517213774,1.1210904,-0.6262896,-0.29703322
868,1715181833080,0.53399456,0.8318778,0.13244675,0.9205521989698686,-0.3591986459953644,-0.12806629152974505
869,1715181833090,0.53399456,0.8318778,0.13244675,0.8426886,-0.2554944,-0.06246097
870,1715181833100,0.53399456,0.8318778,0.13244675,0.8426886,-0.2554944,-0.06246097
871,1715181833110,0.5284680277534176,0.8252929937064741,0.12088414638896054,0.8426886,-0.2554944,-0.06246097
872,1715181833120,0.5253965,0.8216333,0.1144579,0.8426886,-0.2554944,-0.06246097
873,1715181833130,0.5253965,0.8216333,0.1144579,0.8426886,-0.2554944,-0.06246097
874,1715181833140,0.5253965,0.8216333,0.1144579,0.8400904488929126,-0.25300049406621833,-0.061139377529229176
875,1715181833150,0.5253965,0.8216333,0.1144579,0.8199252218814432,-0.23364435301546393,-0.05093876141623711
876,1715181833160,0.5253965,0.8216333,0.1144579,0.8426886,-0.2554944,-0.06246097
877,1715181833170,0.5253965,0.8216333,0.1144579,0.8426886,-0.2554944,-0.06246097
878,1715181833180,0.5253965,0.8216333,0.1144579,0.8426886,-0.2554944,-0.06246096999999999
879,1715181833190,0.5253965,0.8216333,0.1144579,0.8426886,-0.2554944,-0.06246097
880,1715181833200,0.5177996975050769,0.8157316366347548,0.10114777549608354,0.7977716995938497,-0.23091326959384972,-0.038121348727008994
881,1715181833210,0.5096927236270229,0.8132286449165168,0.06281184538890316,0.6951770678397122,-0.18124801177498073,0.019076397577960442
882,1715181833220,0.51173717,0.81602323,0.058722936,0.6440047,-0.1731803,0.051923547
883,1715181833230,0.51173717,0.81602323,0.058722936,0.6440047,-0.1731803,0.051923547
884,1715181833240,0.51173717,0.81602323,0.058722936,0.6440047,-0.1731803,0.051923547
885,1715181833250,0.51173717,0.81602323,0.058722936,0.6440047,-0.1731803,0.051923547
886,1715181833260,0.51173717,0.81602323,0.058722936,0.6440046999999999,-0.1731803,0.051923547
887,1715181833270,0.51173717,0.81602323,0.058722936,0.6440047,-0.1731803,0.051923547
888,1715181833280,0.51173717,0.81602323,0.058722936,0.6440047,-0.1731803,0.051923547
889,1715181833290,0.51173717,0.81602323,0.058722936,0.6440046999999999,-0.1731803,0.051923547
890,1715181833300,0.51173717,0.81602323,0.058722936,0.6440047,-0.1731803,0.051923547
891,1715181833310,0.51173717,0.81602323,0.058722936,0.6440047,-0.1731803,0.051923547
892,1715181833320,0.51173717,0.81602323,0.058722936,0.6440047000000001,-0.1731803,0.051923547
893,1715181833330,0.51173717,0.81602323,0.058722936,0.6440047,-0.1731803,0.051923547
894,1715181833340,0.51173717,0.81602323,0.058722936,0.6440047,-0.1731803,0.051923547
895,1715181833350,0.51173717,0.81602323,0.058722936,0.6440047,-0.1731803,0.051923547
896,1715181833360,0.51173717,0.81602323,0.058722936,0.6440047,-0.1731803,0.051923547
897,1715181833370,0.51173717,0.81602323,0.058722936,0.6440047,-0.1731803,0.051923547
898,1715181833380,0.51173717,0.81602323,0.058722936,0.6440047,-0.1731803,0.051923547
899,1715181833390,0.51173717,0.81602323,0.058722936,0.6440047,-0.1731803,0.051923547
900,1715181833400,0.51173717,0.81602323,0.058722936,0.6440047,-0.1731803,0.051923547
901,1715181833410,0.51173717,0.81602323,0.058722936,0.6440047,-0.1731803,0.051923547
902,1715181833420,0.51173717,0.81602323,0.058722936,0.6440047,-0.1731803,0.051923547
903,1715181833430,0.51173717,0.81602323,0.058722936,0.6440047,-0.1731803,0.051923547
904,1715181833440,0.51173717,0.81602323,0.058722936,0.6440047,-0.1731803,0.051923547
905,1715181833450,0.5203691038351255,0.8245358527240143,0.052437930652329746,0.6402192807475678,-0.1732016870558116,0.053270898326420894
906,1715181833460,0.52496964,0.8290728,0.04908823,0.6169739,-0.17333302,0.06154467
907,1715181833470,0.52496964,0.8290728,0.04908823,0.6169739,-0.17333302,0.06154467
908,1715181833480,0.52496964,0.8290728,0.04908823,0.6169739,-0.17333302,0.06154467
909,1715181833490,0.52496964,0.8290728,0.04908823,0.6169739,-0.17333302,0.06154467
910,1715181833500,0.52496964,0.8290728,0.04908823,0.6169739,-0.17333302,0.06154467
911,1715181833510,0.52496964,0.8290728,0.04908823,0.6169739,-0.17333302,0.06154467
912,1715181833520,0.52496964,0.8290728,0.04908823,0.6169739,-0.17333302,0.06154467
913,1715181833530,0.52496964,0.8290728,0.04908823,0.6169739,-0.17333302,0.06154467
914,1715181833540,0.52496964,0.8290728,0.04908823,0.6169739,-0.17333302,0.06154467
915,1715181833550,0.52496964,0.8290728,0.04908823,0.6169739,-0.17333302,0.06154467
916,1715181833560,0.52496964,0.8290728,0.04908823,0.6169739,-0.17333302,0.06154467
917,1715181833570,0.52496964,0.8290728,0.04908823,0.6169739000000001,-0.17333302,0.06154467
918,1715181833580,0.6158110420500873,0.9797495035527082,0.1302553785730926,0.4523428758182877,-0.2153690439370996,-0.6204808914094351
919,1715181833590,0.6394885,1.0190228,0.15141128,0.40943244,-0.22632557,-0.7982482
920,1715181833600,0.6394884999999999,1.0190228,0.15141127999999998,0.40943244,-0.22632557,-0.7982482
921,1715181833610,0.6394885000000001,1.0190228,0.15141128,0.40943244,-0.22632557,-0.7982482
922,1715181833620,0.6394885,1.0190228,0.15141128,0.40943244,-0.22632557,-0.7982482
923,1715181833630,0.6286358178023161,1.0090745887961217,0.15443751011580933,0.40943244,-0.22632557,-0.7982482
924,1715181833640,0.6173995856518385,0.9991750278477759,0.15722449870917973,0.40943244,-0.22632557,-0.7982482
925,1715181833650,0.5315554,0.9317007,0.17135146,0.38599265602680966,-0.17165869903485256,-0.8714488371581769
926,1715181833660,0.5315554,0.9317007,0.17135146,0.36346483,-0.11911872,-0.9418015
927,1715181833670,0.5315554,0.9317007,0.17135146,0.36346482999999996,-0.11911872,-0.9418015
928,1715181833680,0.5315554,0.9317007,0.17135146,0.36346483,-0.11911872000000001,-0.9418015
929,1715181833690,0.5315554,0.9317007,0.17135146,0.36346483,-0.11911872,-0.9418015
930,1715181833700,0.5315554,0.9317007,0.17135146,0.36346483,-0.11911872,-0.9418015
931,1715181833710,0.5315554,0.9317007,0.17135146,0.36346483,-0.11911872,-0.9418015
932,1715181833720,0.5315554,0.9317007,0.17135146,0.36346483,-0.11911872,-0.9418015
933,1715181833730,0.5315554,0.9317007,0.17135146,0.36346483,-0.11911872,-0.9418015
934,1715181833740,0.5315554,0.9317007,0.17135145999999998,0.36346483,-0.11911872,-0.9418015
935,1715181833750,0.5315554,0.9317007,0.17135146,0.36346483,-0.11911872,-0.9418015
936,1715181833760,0.5315554,0.9317007,0.17135146,0.36346483,-0.11911872,-0.9418015
937,1715181833770,0.5315554,0.9317007,0.17135145999999998,0.36346483,-0.11911872,-0.9418015
938,1715181833780,0.5315554,0.9317007,0.17135146,0.36346483,-0.11911872,-0.9418015
939,1715181833790,0.5315554,0.9317007,0.17135146,0.36346483,-0.11911872,-0.9418015
940,1715181833800,0.5315554,0.9317007,0.17135146,0.36346483,-0.11911872,-0.9418015
941,1715181833810,0.5315554,0.9317007,0.17135146,0.36346483,-0.11911872,-0.9418015
942,1715181833820,0.5315554,0.9317007,0.17135146,0.36346483,-0.11911872,-0.9418015
943,1715181833830,0.5315554,0.9317007,0.17135146,0.36346483,-0.11911872,-0.9418014999999998
944,1715181833840,0.5315554,0.9317007,0.17135146,0.36346483,-0.11911872,-0.9418015
945,1715181833850,0.5315554,0.9317007,0.17135146,0.36346483,-0.11911872,-0.9418015
946,1715181833860,0.5315554,0.9317007,0.17135146,0.36346483,-0.11911872,-0.9418015
947,1715181833870,0.5315554,0.9317007,0.17135145999999998,0.36346483,-0.11911872,-0.9418015
948,1715181833880,0.5315554,0.9317007,0.17135146,0.36346483,-0.11911872,-0.9418015
949,1715181833890,0.5315554,0.9317007,0.17135146,0.36346483,-0.11911872,-0.9418015
950,1715181833900,0.5315554,0.9317007,0.17135146,0.36346483,-0.11911872,-0.9418015
951,1715181833910,0.5315554,0.9317007,0.17135146,0.36346483,-0.11911872,-0.9418015
952,1715181833920,0.5315554,0.9317007000000002,0.17135146,0.36346483,-0.11911872,-0.9418015
953,1715181833930,0.5315554,0.9317007000000002,0.17135146,0.36346483,-0.11911872,-0.9418015
954,1715181833940,0.5315554,0.9317007,0.17135146,0.36346483,-0.11911872000000001,-0.9418015
955,1715181833950,0.5315554,0.9317007,0.17135146,0.36346483,-0.11911872,-0.9418015
956,1715181833960,0.5315554,0.9317007,0.17135146,0.36346483,-0.11911872,-0.9418015
957,1715181833970,0.5315554,0.9317007,0.17135146,0.36346483,-0.11911872,-0.9418015
958,1715181833980,0.5315554,0.9317007,0.17135146,0.36346483,-0.11911872,-0.9418015
959,1715181833990,0.5315554,0.9317007,0.17135146,0.36346483,-0.11911872,-0.9418015
960,1715181834000,0.5315554,0.9317007,0.17135146,0.36346483,-0.11911872,-0.9418015
961,1715181834010,0.5315554,0.9317007,0.17135146,0.36346483,-0.11911872,-0.9418015
962,1715181834020,0.5315554,0.9317007,0.17135146,0.36346483,-0.11911872,-0.9418015
963,1715181834030,0.5315554,0.9317007,0.17135146,0.36346483,-0.11911872,-0.9418015
964,1715181834040,0.5315554,0.9317007,0.17135146,0.36346483,-0.11911872,-0.9418015
965,1715181834050,0.5315554,0.9317007,0.17135146,0.36346483,-0.11911872,-0.9418015
966,1715181834060,0.5128140630170316,0.9232412717761558,0.17322945353068397,0.35569424830765073,-0.10657674384428223,-0.9413243659097053
967,1715181834070,0.48954073,0.9127362,0.17555903,0.34605515,-0.09101892,-0.9407325
968,1715181834080,0.48954073,0.9127362,0.17555903,0.34605515,-0.09101892,-0.9407324999999999
969,1715181834090,0.48954073,0.9127362,0.17555903,0.34605515,-0.09101892,-0.9407324999999999
970,1715181834100,0.48954073,0.9127362,0.17555903,0.34605515,-0.09101892,-0.9407325
971,1715181834110,0.48954073,0.9127362,0.17555903,0.34605515,-0.09101892,-0.9407325
972,1715181834120,0.48954073,0.9127362,0.17555903,0.34605515,-0.09101892,-0.9407324999999999
973,1715181834130,0.48954073,0.9127362,0.17555903,0.34605515,-0.09101892,-0.9407325
974,1715181834140,0.48954073,0.9127362,0.17555903,0.34605515,-0.09101892,-0.9407325000000001
975,1715181834150,0.48954073,0.9127362,0.17555903,0.34605515,-0.09101892,-0.9407325
976,1715181834160,0.48954073,0.9127362,0.17555903,0.34605515,-0.09101892,-0.9407325
977,1715181834170,0.48954073,0.9127362,0.17555903,0.34394364102325575,-0.08496448824806202,-0.9390488283462533
978,1715181834180,0.48954073,0.9127362,0.17555903,0.33108896,-0.04810564,-0.9288206
979,1715181834190,0.48954073,0.9127362,0.17555903,0.33108896,-0.04810564,-0.9288206
980,1715181834200,0.48954073,0.9127362,0.17555903,0.33108896,-0.04810564,-0.9288206
981,1715181834210,0.48954073,0.9127362,0.17555903,0.33108896,-0.04810564,-0.9288206
982,1715181834220,0.48954073,0.9127362,0.17555903,0.33893333436825884,-0.07060921415511043,-0.9350671587570621
983,1715181834230,0.48954073,0.9127362,0.17555903,0.34605515,-0.09101892,-0.9407325
984,1715181834240,0.48954073,0.9127362,0.17555903,0.34605515,-0.09101892,-0.9407325
985,1715181834250,0.48954073,0.9127362,0.17555903,0.34605515,-0.09101892,-0.9407325
986,1715181834260,0.48954073,0.9127362,0.17555903,0.34605515,-0.09101891999999999,-0.9407325
987,1715181834270,0.48954073,0.9127362,0.17555903,0.34605515,-0.09101892,-0.9407325
988,1715181834280,0.48954073,0.9127362,0.17555903,0.34605515,-0.09101892,-0.9407325
989,1715181834290,0.47442479897047496,0.90803347309371,0.1754749853119384,0.34605515,-0.09101892,-0.9407325
990,1715181834300,0.44563577,0.8990769,0.1753151,0.34605515,-0.09101892,-0.9407325
991,1715181834310,0.44563577,0.8990769,0.1753151,0.34605515,-0.09101892,-0.9407325
992,1715181834320,0.44563577,0.8990769,0.1753151,0.33434348193324775,-0.057437488051347886,-0.9314109412836971
993,1715181834330,0.44563577,0.8990769,0.1753151,0.33108895999999993,-0.04810564,-0.9288206
994,1715181834340,0.44563577,0.8990769,0.1753151,0.33108896,-0.04810564,-0.9288206
995,1715181834350,0.44563577,0.8990769,0.1753151,0.33108896,-0.04810564,-0.9288206
996,1715181834360,0.44563577,0.8990769,0.1753151,0.33108896,-0.04810564,-0.9288206
997,1715181834370,0.44563577,0.8990769,0.1753151,0.33108896,-0.04810564,-0.9288206
998,1715181834380,0.44563577,0.8990769,0.1753151,0.33108896,-0.04810564,-0.9288206
999,1715181834390,0.290875167914692,0.892864881042654,0.11252977793522907,0.2954298706799368,-0.021253046199052127,-0.8892274592733017
1000,1715181834400,0.14787449,0.8871249,0.054515377,0.029321533,0.17913623,-0.593761
